# Blender 5.1.1
# www.blender.org
mtllib GripperX-.mtl
o GripperX-
v 19.437073 85.506004 1.569767
v 16.400116 85.506004 3.640262
v 20.800110 85.506004 0.334125
v 17.966248 85.506004 2.674930
v 20.800110 85.506004 -30.034176
v 17.966248 85.506004 -32.374985
v 19.437073 85.506004 -31.269817
v 16.400116 85.506004 -33.340317
v 8.503174 85.506004 6.068529
v 6.700104 85.506004 5.020662
v 9.400116 85.506004 5.966890
v 7.602539 85.506004 6.129595
v 6.700104 85.506004 6.149965
v 6.700104 85.506004 -32.061584
v 9.400116 85.506004 -35.666946
v 5.550110 85.506004 5.020662
v 5.550110 85.506004 -32.061584
v 8.503174 85.506004 -35.768585
v 7.602539 85.506004 -35.829666
v 6.700104 85.506004 -35.850037
v 6.700104 92.506004 5.020661
v 8.503174 92.506004 6.068528
v 9.400116 92.506004 5.966889
v 7.602539 92.506004 6.129594
v 6.700104 92.506004 6.149964
v 10.204224 92.506004 -35.540665
v 9.855225 92.506004 -34.495758
v 10.184448 92.506004 -34.813736
v 10.577393 92.506004 -35.048538
v 11.013428 92.506004 -35.187851
v 11.469696 92.506004 -35.224380
v 11.922333 92.506004 -35.156204
v 6.700104 92.506004 -32.061584
v 9.400116 92.506004 -33.225586
v 9.452484 92.506004 -33.680313
v 5.550110 92.506004 -32.061584
v 5.550110 92.506004 5.020661
v 8.458984 92.506004 -35.772537
v 9.606873 92.506004 -34.111237
v 6.700104 92.506004 -35.850037
v 17.966248 92.506004 2.674928
v 19.437073 92.506004 1.569764
v 20.800110 92.506004 0.334123
v 16.400116 92.506004 3.640260
v 16.400116 92.506004 -32.119949
v 19.543488 92.506004 -31.181274
v 18.193939 92.506004 -32.217422
v 20.800110 92.506004 -30.034180
v 16.761200 92.506004 -33.135117
v 16.349365 92.506004 -32.567627
v 16.199677 92.506004 -32.992584
v 15.958679 92.506004 -33.373260
v 15.638611 92.506004 -33.690338
v 15.255646 92.506004 -33.927704
v 9.400116 97.225121 5.942384
v 9.400116 97.432793 5.870332
v 9.400116 97.006004 5.966889
v 9.400116 97.619812 5.754289
v 9.400116 97.776657 5.600617
v 9.400116 97.896721 5.416136
v 9.400116 97.973946 5.210631
v 9.400116 97.997894 5.085144
v 9.400116 98.006004 4.957152
v 9.400116 98.006004 -33.225586
v 16.400116 98.006004 -32.119949
v 16.400116 98.006004 2.487351
v 16.400116 97.006004 3.640260
v 16.400116 97.980957 2.746155
v 16.400116 97.905083 2.994446
v 16.400116 97.407272 3.544098
v 16.400116 97.211861 3.615754
v 16.400116 97.778328 3.221924
v 16.400116 97.601875 3.414734
v 15.638611 98.006004 -33.690338
v 16.199677 98.006004 -32.992584
v 15.958679 98.006004 -33.373260
v 16.349365 98.006004 -32.567627
v 15.255646 98.006004 -33.927704
v 14.169495 98.006004 -34.402878
v 11.469696 98.006004 -35.224380
v 11.013428 98.006004 -35.187851
v 11.922333 98.006004 -35.156204
v 10.577393 98.006004 -35.048538
v 10.184448 98.006004 -34.813736
v 9.606873 98.006004 -34.111237
v 9.855225 98.006004 -34.495758
v 9.452484 98.006004 -33.680313
v 13.057068 98.006004 -34.812866
v 13.021881 98.006004 4.067427
v 11.232880 98.006004 4.601363
v 14.749847 98.006004 3.360474
v 16.400116 82.306007 -33.340317
v 16.400116 82.306007 3.640263
v 9.400116 82.306000 -35.666946
v 9.400116 82.306007 5.966892
v 14.628265 82.106003 4.511463
v 12.995972 82.106003 5.133182
v 16.200104 82.106003 3.749683
v 11.315643 82.106003 5.610111
v 9.600098 82.106003 5.938602
v 16.200104 82.106003 -33.449753
v 12.995972 82.106003 -34.833237
v 14.628265 82.106003 -34.211517
v 11.315643 82.106003 -35.310165
v 9.600098 82.106003 -35.638657
v 14.738739 97.006004 4.463364
v 13.008301 97.006004 5.129090
v 11.223633 97.006004 5.631699
v 16.292908 97.980835 2.808304
v 16.115936 97.980835 2.908967
v 16.221161 97.905098 3.096238
v 16.317871 97.778336 3.268387
v 16.393402 97.619850 3.402833
v 14.844330 97.980835 3.562440
v 14.935333 97.905098 3.757004
v 15.018982 97.778336 3.935868
v 14.426422 97.980835 3.751847
v 15.084320 97.619850 4.075547
v 14.512756 97.905098 3.948532
v 15.132996 97.432800 4.179643
v 14.592133 97.778336 4.129350
v 15.163239 97.225121 4.244279
v 14.654114 97.619850 4.270539
v 14.700287 97.432800 4.375779
v 14.728973 97.225121 4.441117
v 13.096069 97.980835 4.277679
v 13.167542 97.905098 4.480239
v 12.763214 97.980835 4.391708
v 13.233246 97.778336 4.666459
v 12.830963 97.905098 4.595550
v 13.284546 97.619850 4.811860
v 12.893250 97.778336 4.782929
v 13.322784 97.432800 4.920243
v 12.941864 97.619850 4.929261
v 13.346527 97.225121 4.987534
v 12.978119 97.432800 5.038316
v 13.000641 97.225121 5.106019
v 11.286072 97.980835 4.817886
v 11.337311 97.905098 5.026488
v 11.047882 97.980835 4.874786
v 11.384430 97.778336 5.218247
v 11.096466 97.905098 5.084029
v 11.421204 97.619850 5.367997
v 11.141144 97.778336 5.276368
v 11.448639 97.432800 5.479600
v 11.175995 97.619850 5.426575
v 11.465637 97.225121 5.548890
v 11.201996 97.432800 5.538529
v 11.218140 97.225121 5.608033
v 9.431793 97.980835 5.177840
v 9.462311 97.905098 5.390472
v 9.490356 97.778336 5.585923
v 9.512268 97.619850 5.738557
v 9.528625 97.432800 5.852326
v 9.538757 97.225121 5.922944
v 14.900116 98.356003 -26.350037
v 15.250092 98.006004 -26.350037
v 14.856506 98.356003 -25.991058
v 15.196350 98.006004 -25.907303
v 14.728271 98.356003 -25.652939
v 15.038208 98.006004 -25.490295
v 14.522858 98.356003 -25.355347
v 14.784851 98.006004 -25.123260
v 14.252197 98.356003 -25.115555
v 14.451019 98.006004 -24.827515
v 13.932007 98.356003 -24.947510
v 14.056122 98.006004 -24.620255
v 13.623108 98.006004 -24.513519
v 13.580902 98.356003 -24.860962
v 13.219299 98.356003 -24.860962
v 13.177094 98.006004 -24.513519
v 12.868195 98.356003 -24.947510
v 12.744080 98.006004 -24.620255
v 12.349182 98.006004 -24.827515
v 12.548004 98.356003 -25.115555
v 12.277344 98.356003 -25.355347
v 12.015350 98.006004 -25.123260
v 11.761993 98.006004 -25.490295
v 12.071930 98.356003 -25.652939
v 11.603851 98.006004 -25.907303
v 11.943695 98.356003 -25.991058
v 11.550110 98.006004 -26.350037
v 11.900116 98.356003 -26.350037
v 14.900116 100.706001 -26.350037
v 14.856506 100.706001 -25.991058
v 14.728271 100.706001 -25.652939
v 14.522858 100.706001 -25.355347
v 14.252197 100.706001 -25.115555
v 13.932007 100.706001 -24.947510
v 13.580902 100.706001 -24.860962
v 13.219299 100.706001 -24.860962
v 12.868195 100.706001 -24.947510
v 12.548004 100.706001 -25.115555
v 12.277344 100.706001 -25.355347
v 12.071930 100.706001 -25.652939
v 11.943695 100.706001 -25.991058
v 11.900116 100.706001 -26.350037
v 9.650116 104.006004 -31.350039
v 9.759064 104.006004 -30.452593
v 9.650116 102.506004 -31.350039
v 9.759064 102.506004 -30.452593
v 10.079651 104.006004 -29.607317
v 10.079651 102.506004 -29.607317
v 10.593201 104.006004 -28.863329
v 10.593201 102.506004 -28.863329
v 11.269867 104.006004 -28.263842
v 11.269867 102.506004 -28.263842
v 12.070343 104.006004 -27.843721
v 12.070343 102.506004 -27.843721
v 12.948090 104.006004 -27.627367
v 12.948090 102.506004 -27.627367
v 13.852112 104.006004 -27.627367
v 13.852112 102.506004 -27.627367
v 14.729858 102.506004 -27.843721
v 14.729858 104.006004 -27.843721
v 15.530334 102.506004 -28.263842
v 15.530334 104.006004 -28.263842
v 16.207031 104.006004 -28.863329
v 16.207031 102.506004 -28.863329
v 16.720551 104.006004 -29.607317
v 16.720551 102.506004 -29.607317
v 17.041138 104.006004 -30.452593
v 17.041138 102.506004 -30.452593
v 17.150116 104.006004 -31.350039
v 17.150116 102.506004 -31.350039
v 9.650116 104.006004 -21.350039
v 9.759064 104.006004 -20.452593
v 9.650116 102.506004 -21.350039
v 9.759064 102.506004 -20.452593
v 10.079651 104.006004 -19.607317
v 10.079651 102.506004 -19.607317
v 10.593201 104.006004 -18.863329
v 10.593201 102.506004 -18.863329
v 11.269867 104.006004 -18.263842
v 11.269867 102.506004 -18.263842
v 12.070343 104.006004 -17.843721
v 12.070343 102.506004 -17.843721
v 12.948090 104.006004 -17.627367
v 12.948090 102.506004 -17.627367
v 13.852112 104.006004 -17.627367
v 13.852112 102.506004 -17.627367
v 14.729858 102.506004 -17.843721
v 14.729858 104.006004 -17.843721
v 15.530334 102.506004 -18.263842
v 15.530334 104.006004 -18.263842
v 16.207031 104.006004 -18.863329
v 16.207031 102.506004 -18.863329
v 16.720551 104.006004 -19.607317
v 16.720551 102.506004 -19.607317
v 17.041138 104.006004 -20.452593
v 17.041138 102.506004 -20.452593
v 17.150116 104.006004 -21.350039
v 17.150116 102.506004 -21.350039
v 15.450104 98.006004 -21.350037
v 15.390533 98.006004 -20.859436
v 15.450104 102.506004 -21.350039
v 15.390533 102.506004 -20.859438
v 15.215271 102.506004 -20.397356
v 15.215271 98.006004 -20.397354
v 14.934540 98.006004 -19.990631
v 14.934540 102.506004 -19.990633
v 14.564636 98.006004 -19.662918
v 14.564636 102.506004 -19.662920
v 14.127045 98.006004 -19.433243
v 14.127045 102.506004 -19.433245
v 13.647217 98.006004 -19.314972
v 13.647217 102.506004 -19.314974
v 13.153015 98.006004 -19.314972
v 13.153015 102.506004 -19.314974
v 12.673157 102.506004 -19.433245
v 12.673157 98.006004 -19.433243
v 12.235565 102.506004 -19.662920
v 12.235565 98.006004 -19.662918
v 11.865662 102.506004 -19.990633
v 11.865662 98.006004 -19.990631
v 11.584930 102.506004 -20.397356
v 11.584930 98.006004 -20.397354
v 11.409668 98.006004 -20.859436
v 11.409668 102.506004 -20.859438
v 11.350098 98.006004 -21.350037
v 11.350098 102.506004 -21.350039
v 15.450104 98.006004 -31.350037
v 15.390533 98.006004 -30.859436
v 15.450104 102.506004 -31.350039
v 15.390533 102.506004 -30.859438
v 15.215271 98.006004 -30.397354
v 15.215271 102.506004 -30.397356
v 14.934540 98.006004 -29.990631
v 14.934540 102.506004 -29.990633
v 14.564636 98.006004 -29.662918
v 14.564636 102.506004 -29.662920
v 14.127045 98.006004 -29.433243
v 14.127045 102.506004 -29.433245
v 13.647217 98.006004 -29.314972
v 13.647217 102.506004 -29.314974
v 13.153015 98.006004 -29.314972
v 13.153015 102.506004 -29.314974
v 12.673157 98.006004 -29.433243
v 12.673157 102.506004 -29.433245
v 12.235565 98.006004 -29.662918
v 12.235565 102.506004 -29.662920
v 11.865662 98.006004 -29.990631
v 11.865662 102.506004 -29.990633
v 11.584930 98.006004 -30.397354
v 11.584930 102.506004 -30.397356
v 11.409668 98.006004 -30.859436
v 11.409668 102.506004 -30.859438
v 11.350098 98.006004 -31.350037
v 11.350098 102.506004 -31.350039
v 8.500092 118.506004 -25.850042
v 7.620117 119.233185 -25.850042
v 7.341736 118.922752 -25.850042
v 7.005005 118.676796 -25.850042
v 7.828125 119.594604 -25.850042
v 6.624603 118.506004 -25.850042
v 7.956635 119.991287 -25.850042
v 8.000092 120.406006 -25.850042
v -6.604797 118.676796 -25.850042
v -8.099884 118.506004 -25.850042
v -6.224396 118.506004 -25.850042
v -6.941528 118.922752 -25.850042
v -7.219940 119.233185 -25.850042
v -7.427917 119.594604 -25.850042
v -7.556427 119.991287 -25.850042
v -7.599884 120.406006 -25.850042
v 8.000092 135.505997 -25.850044
v 8.500092 137.164322 -25.850044
v 7.949951 135.951050 -25.850044
v 7.802032 136.373764 -25.850044
v 7.563751 136.752975 -25.850044
v 8.020386 137.723770 -25.850044
v 7.247070 137.069672 -25.850044
v 7.418732 138.149384 -25.850044
v 6.867859 137.307938 -25.850044
v 6.731476 138.415482 -25.850044
v 6.445129 137.455856 -25.850044
v 6.000092 138.505997 -25.850044
v 6.000092 137.505997 -25.850044
v -5.599884 138.505997 -25.850044
v -5.599884 137.505997 -25.850044
v -6.044952 137.455856 -25.850044
v -6.331299 138.415482 -25.850044
v -6.467651 137.307938 -25.850044
v -7.018524 138.149384 -25.850044
v -6.846893 137.069672 -25.850044
v -7.163574 136.752975 -25.850044
v -8.099884 137.164322 -25.850044
v -7.401825 136.373764 -25.850044
v -7.549744 135.951050 -25.850044
v -7.599884 135.505997 -25.850044
v -7.620178 137.723770 -25.850044
v -7.563293 117.020012 -27.145544
v -7.478577 117.006004 -27.350042
v 8.500092 117.006004 -27.350042
v 8.500092 117.043610 -27.016256
v -7.650330 117.064461 -26.935369
v 8.500092 117.154549 -26.699209
v -7.773865 117.186226 -26.637167
v 8.500092 117.333260 -26.414801
v -7.887024 117.375671 -26.363958
v 8.500092 117.570770 -26.177282
v -7.980743 117.622688 -26.137701
v 8.500092 117.855179 -25.998587
v 6.176788 118.413719 -25.852743
v 8.500092 118.172226 -25.887640
v 6.000092 118.406006 -25.853369
v 6.351013 118.436867 -25.851431
v -8.048462 117.908493 -25.974173
v -8.087708 118.210144 -25.879507
v -5.599884 118.406006 -25.853369
v -5.881409 118.425758 -25.851980
v -6.054138 118.458160 -25.850668
v 9.400116 98.006004 -18.707733
v 11.230682 98.006004 -17.358871
v 12.019989 98.006004 -16.893173
v 12.887299 98.006004 -16.597061
v 13.796600 98.006004 -16.482788
v 14.710205 98.006004 -16.555115
v 11.409668 98.006004 -21.840622
v 15.590210 98.006004 -16.811050
v 16.400116 98.006004 -17.239944
v 11.865662 98.006004 -22.709427
v 12.235565 98.006004 -23.037140
v 12.673157 98.006004 -23.266815
v 11.584930 98.006004 -22.302719
v 13.153015 98.006004 -23.385086
v 13.647217 98.006004 -23.385086
v 14.127045 98.006004 -23.266815
v 14.564636 98.006004 -23.037140
v 14.934540 98.006004 -22.709427
v 15.215271 98.006004 -22.302719
v 15.390533 98.006004 -21.840622
v 11.761993 98.006004 -27.209763
v 12.015350 98.006004 -27.576813
v 12.349182 98.006004 -27.872543
v 11.603851 98.006004 -26.792770
v 12.744080 98.006004 -28.079803
v 13.177094 98.006004 -28.186539
v 13.623108 98.006004 -28.186539
v 14.056122 98.006004 -28.079803
v 9.400116 98.006004 -33.725586
v 11.409668 98.006004 -31.840622
v 14.451019 98.006004 -27.872543
v 11.584930 98.006004 -32.302719
v 14.784851 98.006004 -27.576813
v 11.865662 98.006004 -32.709427
v 9.452484 98.006004 -34.180313
v 9.606873 98.006004 -34.611237
v 9.855225 98.006004 -34.995758
v 15.038208 98.006004 -27.209763
v 12.235565 98.006004 -33.037155
v 10.184448 98.006004 -35.313736
v 15.196350 98.006004 -26.792770
v 10.577393 98.006004 -35.548538
v 11.013428 98.006004 -35.687851
v 11.469696 98.006004 -35.724380
v 11.922333 98.006004 -35.656204
v 12.673157 98.006004 -33.266815
v 13.057068 98.006004 -35.312866
v 13.153015 98.006004 -33.385086
v 16.400116 98.006004 -32.619949
v 15.390533 98.006004 -31.840622
v 15.215271 98.006004 -32.302719
v 13.647217 98.006004 -33.385086
v 14.169495 98.006004 -34.902878
v 14.127045 98.006004 -33.266815
v 16.349365 98.006004 -33.067627
v 14.934540 98.006004 -32.709427
v 15.255646 98.006004 -34.427704
v 14.564636 98.006004 -33.037155
v 16.199677 98.006004 -33.492584
v 15.638611 98.006004 -34.190338
v 15.958679 98.006004 -33.873260
v 16.400116 97.556000 -32.619949
v 16.400116 97.556007 -17.239944
v 9.400116 97.556000 -33.725586
v 9.400116 97.556007 -18.707733
v -7.599884 97.306000 -36.350037
v 8.000092 103.506004 -36.350037
v 13.900116 97.306000 -36.350037
v 13.900116 103.506004 -36.350037
v -7.599884 132.505997 -36.350048
v 8.000092 132.505997 -36.350048
v 8.470215 107.006004 -21.728350
v 8.500092 107.006004 -21.970995
v 8.382355 107.006004 -21.500216
v 7.838623 107.006004 -21.030031
v 7.355743 107.006004 -20.981478
v 7.600189 107.006004 -20.976015
v 8.056824 107.006004 -21.140291
v 7.119965 107.006004 -21.046068
v 8.241760 107.006004 -21.300203
v 6.906891 107.006004 -21.165941
v 8.500092 107.006004 -24.850039
v 1.907135 107.006004 -24.850039
v 11.409668 102.506004 -31.840624
v 11.584930 102.506004 -32.302719
v 11.865662 102.506004 -32.709427
v 12.235565 102.506004 -33.037155
v 12.673157 102.506004 -33.266815
v 13.153015 102.506004 -33.385086
v 13.647217 102.506004 -33.385086
v 14.127045 102.506004 -33.266815
v 14.564636 102.506004 -33.037155
v 14.934540 102.506004 -32.709427
v 15.215271 102.506004 -32.302719
v 15.390533 102.506004 -31.840624
v 11.409668 102.506004 -21.840624
v 11.584930 102.506004 -22.302721
v 11.865662 102.506004 -22.709429
v 12.235565 102.506004 -23.037142
v 12.673157 102.506004 -23.266817
v 13.153015 102.506004 -23.385088
v 13.647217 102.506004 -23.385088
v 14.127045 102.506004 -23.266817
v 14.564636 102.506004 -23.037142
v 14.934540 102.506004 -22.709429
v 15.215271 102.506004 -22.302721
v 15.390533 102.506004 -21.840624
v 7.806976 104.006004 -20.502718
v 11.527283 104.006004 -17.761400
v 8.130157 104.006004 -20.609743
v 12.289337 104.006004 -17.320253
v 8.847534 104.006004 -21.311907
v 8.664215 104.006004 -21.025042
v 8.420898 104.006004 -20.786882
v 13.129486 104.006004 -17.056536
v 9.000092 104.006004 -21.970995
v 8.961456 104.006004 -21.632738
v 14.006958 104.006004 -16.983034
v 9.759064 104.006004 -22.247469
v 14.879242 104.006004 -17.103289
v 15.704071 104.006004 -17.411501
v 10.079651 104.006004 -23.092745
v 16.441498 104.006004 -17.892717
v 17.055786 104.006004 -18.523607
v 17.517120 104.006004 -19.273623
v 17.803192 104.006004 -20.106417
v 17.900116 104.006004 -20.981600
v 17.041138 104.006004 -22.247469
v 10.593201 104.006004 -23.836748
v 11.269867 104.006004 -24.436220
v 16.720551 104.006004 -23.092745
v 12.070343 104.006004 -24.856340
v 12.948090 104.006004 -25.072695
v 13.852112 104.006004 -25.072695
v 14.729858 104.006004 -24.856340
v 15.530334 104.006004 -24.436220
v 16.207031 104.006004 -23.836748
v 9.000092 104.006004 -35.350037
v 9.759064 104.006004 -32.247467
v 10.079651 104.006004 -33.092743
v 10.593201 104.006004 -33.836746
v 11.269867 104.006004 -34.436218
v 12.070343 104.006004 -34.856339
v 8.500092 104.006004 -35.850037
v 17.900116 104.006004 -31.850039
v 17.041138 104.006004 -32.247467
v 13.900116 104.006004 -35.850037
v 12.948090 104.006004 -35.072693
v 13.852112 104.006004 -35.072693
v 17.799805 104.006004 -32.740112
v 16.720551 104.006004 -33.092743
v 14.790192 104.006004 -35.749741
v 14.729858 104.006004 -34.856339
v 17.503967 104.006004 -33.585571
v 15.635651 104.006004 -35.453903
v 15.530334 104.006004 -34.436218
v 17.027435 104.006004 -34.343994
v 16.207031 104.006004 -33.836746
v 16.394073 104.006004 -34.977356
v 18.400116 97.306000 -31.850037
v 18.400116 103.506004 -20.981600
v 18.400116 97.306007 -20.981598
v 18.400116 103.506004 -31.850039
v -8.599884 117.303711 -27.202902
v -8.599884 118.506004 -26.350042
v -8.599884 117.092941 -27.759680
v -8.599884 117.568390 -26.815527
v -8.599884 117.855110 -26.560156
v -8.599884 118.131828 -26.417089
v -8.599884 118.321480 -26.366156
v -8.599884 117.006004 -28.471350
v -8.599884 117.006004 -30.107885
v -8.599884 116.982513 -30.436346
v -8.599884 97.306000 -31.971115
v -8.599884 115.506004 -31.971121
v -8.599884 97.306000 -35.350037
v -8.599884 135.505997 -26.350044
v -8.599884 132.505997 -35.350048
v -8.599884 115.781792 -31.939352
v -8.599884 116.063789 -31.837500
v -8.599884 116.334671 -31.660971
v -8.599884 116.575584 -31.414206
v -8.599884 116.769997 -31.111120
v -8.599884 116.907280 -30.772665
v -8.599884 133.570297 -35.235455
v -8.599884 135.505997 -34.350048
v -8.599884 134.585815 -34.896954
v 9.150116 97.306007 -18.891953
v 11.230682 103.506004 -17.358873
v 6.610291 103.506004 -20.763414
v 6.610291 106.506004 -20.763414
v 1.610535 106.506004 -24.447512
v 0.079803 106.623276 -25.575426
v -1.243652 106.923988 -26.550631
v -2.441223 107.387329 -27.433077
v -3.487610 107.988861 -28.204103
v -4.338135 108.684418 -28.830812
v -4.995392 109.445953 -29.315111
v -5.392487 110.102859 -29.607729
v -5.669525 110.792053 -29.811846
v -5.853638 115.506004 -29.947515
v -5.853638 112.006004 -29.947512
v -5.807343 111.394615 -29.913408
v 17.041138 102.506004 -22.247469
v 16.720551 102.506004 -23.092745
v 16.207031 102.506004 -23.836748
v 15.530334 102.506004 -24.436220
v 14.729858 102.506004 -24.856340
v 13.852112 102.506004 -25.072695
v 12.948090 102.506004 -25.072695
v 12.070343 102.506004 -24.856340
v 11.269867 102.506004 -24.436220
v 10.593201 102.506004 -23.836748
v 10.079651 102.506004 -23.092745
v 9.759064 102.506004 -22.247469
v 17.041138 102.506004 -32.247467
v 16.720551 102.506004 -33.092743
v 16.207031 102.506004 -33.836746
v 15.530334 102.506004 -34.436218
v 14.729858 102.506004 -34.856339
v 13.852112 102.506004 -35.072693
v 12.948090 102.506004 -35.072693
v 12.070343 102.506004 -34.856339
v 11.269867 102.506004 -34.436218
v 10.593201 102.506004 -33.836746
v 10.079651 102.506004 -33.092743
v 9.759064 102.506004 -32.247467
v 14.901459 97.306000 -36.237213
v 14.901459 103.506004 -36.237213
v 15.852570 97.306000 -35.904388
v 15.852570 103.506004 -35.904388
v 16.705811 97.306000 -35.368271
v 16.705811 103.506004 -35.368271
v 17.418335 97.306000 -34.655731
v 17.418335 103.506004 -34.655731
v 17.954468 103.506004 -33.802505
v 17.954468 97.306000 -33.802505
v 18.287262 97.306000 -32.851379
v 18.287262 103.506004 -32.851379
v 11.943695 98.356003 -26.709000
v 11.943695 100.706001 -26.709000
v 12.071930 98.356003 -27.047119
v 12.071930 100.706001 -27.047119
v 12.277344 98.356003 -27.344711
v 12.277344 100.706001 -27.344711
v 12.548004 98.356003 -27.584503
v 12.548004 100.706001 -27.584503
v 12.868195 98.356003 -27.752548
v 12.868195 100.706001 -27.752548
v 13.219299 98.356003 -27.839096
v 13.219299 100.706001 -27.839096
v 13.580902 98.356003 -27.839096
v 13.580902 100.706001 -27.839096
v 13.932007 98.356003 -27.752548
v 13.932007 100.706001 -27.752548
v 14.252197 98.356003 -27.584503
v 14.252197 100.706001 -27.584503
v 14.522858 98.356003 -27.344711
v 14.522858 100.706001 -27.344711
v 14.728271 98.356003 -27.047119
v 14.728271 100.706001 -27.047119
v 14.856506 98.356003 -26.709000
v 14.856506 100.706001 -26.709000
v 9.000092 108.950371 -29.423113
v 9.000092 108.116913 -28.739122
v 9.000092 107.432922 -27.905672
v 9.000092 109.901245 -29.931368
v 9.000092 106.924667 -26.954790
v 9.000092 110.933006 -30.244356
v 9.000092 106.611687 -25.923021
v 9.000092 112.006004 -30.350039
v 9.000092 106.506004 -24.850039
v 9.000092 106.506004 -21.970995
v 9.000092 115.506004 -30.350042
v 9.000092 115.951042 -30.299887
v 9.000092 117.531075 -27.127508
v 9.000092 117.724174 -26.726553
v 9.000092 117.605034 -26.916159
v 9.000092 117.506004 -27.350042
v 9.000092 117.882515 -26.568197
v 9.000092 118.283485 -26.375113
v 9.000092 118.072121 -26.449072
v 9.000092 117.455856 -28.795080
v 9.000092 118.506004 -26.350042
v 9.000092 117.506004 -28.350042
v 9.000092 117.307945 -29.217810
v 9.000092 132.505997 -35.350048
v 9.000092 117.069664 -29.597021
v 9.000092 116.752983 -29.913702
v 9.000092 116.373772 -30.151968
v 9.000092 133.570297 -35.235455
v 9.000092 134.585815 -34.896954
v 9.000092 135.505997 -34.350048
v 9.000092 135.505997 -26.350044
v -5.599884 138.505997 -30.350044
v 6.000092 138.505997 -30.350044
v -6.214294 117.006004 -28.350042
v 8.500092 117.006004 -28.350042
v 8.500092 115.506004 -29.850042
v -5.557007 115.506004 -29.850042
v 8.500092 112.006004 -29.850039
v -5.557007 112.006004 -29.850039
v -8.373383 136.649567 -26.123528
v -8.531311 136.143784 -26.281456
v -8.582886 135.825134 -26.333015
v 18.291077 103.506004 -19.997011
v 18.283295 97.306007 -19.963013
v 17.969238 103.506004 -19.060137
v 17.938965 97.306007 -18.997284
v 17.450226 103.506004 -18.216372
v 17.384979 97.306007 -18.134583
v 16.759186 103.506004 -17.506609
v 16.650116 97.306007 -17.419647
v 15.929596 103.506004 -16.965242
v 15.001648 103.506004 -16.618502
v 14.020294 103.506004 -16.483217
v 13.033142 103.506004 -16.565905
v 12.088013 103.506004 -16.862581
v -5.859985 115.786827 -29.919256
v -5.878906 116.057732 -29.835516
v -5.909607 116.308678 -29.699530
v -5.951019 116.531212 -29.516134
v -6.001556 116.717308 -29.292257
v -6.059509 116.860855 -29.035574
v -6.122467 116.956581 -28.756704
v -6.167969 116.993584 -28.555166
v -5.568512 115.785225 -29.823812
v 8.500092 115.839783 -29.812429
v -5.602814 116.056183 -29.745489
v 8.500092 116.156830 -29.701483
v -5.670074 116.347130 -29.592016
v 8.500092 116.441238 -29.522787
v -5.774414 116.620529 -29.353949
v 8.500092 116.678749 -29.285269
v -5.904510 116.828949 -29.057013
v 8.500092 116.857460 -29.000860
v -6.053101 116.960197 -28.717901
v 8.500092 116.968399 -28.683813
v -5.492126 111.348404 -29.806581
v 8.500092 111.030556 -29.753954
v -5.298279 110.701042 -29.676714
v 8.500092 110.092590 -29.469423
v -4.979492 110.077515 -29.463152
v -4.541443 109.488022 -29.169725
v 8.500092 109.228149 -29.007387
v -3.990662 108.941444 -28.800783
v 8.500092 108.470467 -28.385561
v -3.099701 108.297737 -28.203951
v 8.500092 107.848656 -27.627886
v -1.910492 107.709473 -27.407335
v 8.500092 107.386604 -26.763445
v -0.512970 107.276123 -26.471209
v 8.500092 107.102074 -25.825487
v 0.666687 107.075531 -25.680986
v 8.955261 106.506004 -21.607027
v 8.823456 106.506004 -21.264818
v 8.612579 106.506004 -20.964815
v 8.335175 106.506004 -20.724947
v 8.007874 106.506004 -20.559557
v 7.650208 106.506004 -20.478533
v 7.602264 103.861839 -20.474489
v 7.283600 106.506004 -20.486712
v 7.391510 103.737175 -20.474932
v 7.180817 103.636696 -20.505373
v 6.929901 106.506004 -20.583605
v 6.976562 103.563797 -20.565340
v 6.784698 103.520241 -20.652590
v -5.715088 115.798637 -29.869009
v -5.744080 116.080032 -29.780890
v -5.791107 116.339363 -29.637762
v -5.854401 116.566666 -29.445166
v -5.931519 116.753212 -29.210470
v -6.019531 116.891823 -28.942709
v -6.114990 116.977180 -28.652182
v 8.816345 136.539810 -26.166283
v 8.954285 136.028320 -26.304222
v 8.675690 136.862930 -26.025612
v -6.245178 138.435776 -31.032631
v -6.855896 138.230423 -31.692940
v -7.425781 137.886383 -32.340054
v -7.930939 137.394455 -32.969433
v -8.335510 136.737411 -33.575008
v -8.527618 136.160553 -33.982037
v 6.715759 138.419388 -31.107704
v 7.381134 138.169220 -31.831520
v 7.969543 137.769028 -32.511471
v 8.362946 137.354523 -33.012234
v 8.686340 136.841690 -33.490795
v 8.913483 136.221710 -33.943020
v 8.000092 133.467102 -36.272564
v -7.599884 133.467102 -36.272564
v 8.000092 134.403366 -36.042141
v -7.599884 134.403366 -36.042141
v 8.000092 135.290649 -35.664715
v -7.599884 135.290649 -35.664715
v 8.000092 136.106003 -35.150036
v -7.599884 136.106003 -35.150036
v 7.933594 136.719742 -34.621395
v -7.508667 136.822586 -34.517437
v 7.761047 137.243851 -34.031460
v -7.277374 137.412888 -33.802944
v 7.418945 137.797470 -33.178539
v -6.884613 137.945389 -32.882458
v 6.928345 138.231842 -32.143002
v -6.402374 138.304337 -31.892525
v 6.481506 138.435440 -31.267540
v -6.010773 138.454803 -31.132164
v -7.940979 136.753296 -34.047314
v -7.554321 137.489639 -33.252422
v -7.034515 138.017197 -32.404919
v -6.444763 138.347153 -31.536217
v -5.857574 138.491623 -30.708855
v 8.495026 135.977921 -34.641415
v 8.315796 136.823517 -33.983318
v 7.954529 137.489639 -33.252422
v 7.434723 138.017197 -32.404919
v 6.844971 138.347153 -31.536217
v 6.299835 138.486526 -30.767555
v -5.599884 137.505997 -26.850044
v -6.044952 137.455856 -26.850044
v -6.467651 137.307938 -26.850044
v -6.846893 137.069672 -26.850044
v -7.163574 136.752975 -26.850044
v -7.401825 136.373764 -26.850044
v -7.549744 135.951050 -26.850044
v -7.599884 135.505997 -26.850044
v 6.000092 137.505997 -26.850044
v 8.000092 135.505997 -26.850044
v 7.949951 135.951050 -26.850044
v 7.802032 136.373764 -26.850044
v 7.563751 136.752975 -26.850044
v 7.247070 137.069672 -26.850044
v 6.867859 137.307938 -26.850044
v 6.445129 137.455856 -26.850044
v 8.000092 120.406006 -26.850042
v -7.599884 120.406006 -26.850042
v -6.467651 118.604065 -26.850042
v -7.163574 119.159027 -26.850042
v -6.846893 118.842339 -26.850042
v -5.599884 118.406006 -26.850042
v -7.401825 119.538239 -26.850042
v -6.044952 118.456146 -26.850042
v -7.549744 119.960960 -26.850042
v 7.563751 119.159027 -26.850042
v 6.000092 118.406006 -26.850042
v 6.445129 118.456146 -26.850042
v 6.867859 118.604065 -26.850042
v 7.247070 118.842339 -26.850042
v 7.949951 119.960960 -26.850042
v 7.802032 119.538239 -26.850042
v 16.650116 97.306000 -32.619949
v 16.593018 97.306000 -33.123581
v 16.424622 97.306000 -33.601669
v 16.153503 97.306000 -34.029922
v 15.793396 97.306000 -34.386627
v 15.362610 97.306000 -34.653687
v 14.262848 97.306000 -35.134796
v 13.136536 97.306000 -35.549896
v 11.987610 97.306000 -35.897537
v 11.478394 97.306000 -35.974228
v 9.150116 97.306000 -33.725586
v 10.032501 97.306000 -35.512253
v 9.662109 97.306000 -35.154526
v 9.382721 97.306000 -34.721939
v 9.209015 97.306000 -34.237167
v 10.965088 97.306000 -35.933136
v 10.474548 97.306000 -35.776413
v 15.255646 97.556000 -34.427704
v 14.169495 97.556000 -34.902878
v 13.057068 97.556000 -35.312866
v 11.922333 97.556000 -35.656204
v 16.349365 97.556000 -33.067627
v 16.199677 97.556000 -33.492584
v 15.958679 97.556000 -33.873260
v 15.638611 97.556000 -34.190338
v 11.469696 97.556000 -35.724380
v 11.013428 97.556000 -35.687851
v 10.577393 97.556000 -35.548538
v 10.184448 97.556000 -35.313736
v 9.855225 97.556000 -34.995758
v 9.606873 97.556000 -34.611237
v 9.452484 97.556000 -34.180313
v 8.000092 135.506012 -24.850044
v 8.000092 120.506004 -24.850042
v 8.000092 135.505997 -26.850044
v 8.000092 120.506004 -26.850042
v 6.390289 137.467575 -26.850044
v 6.000092 137.505997 -26.850044
v 6.000092 137.506012 -24.850044
v 6.390289 137.467575 -24.850044
v 6.765472 137.353760 -26.850044
v 6.765472 137.353760 -24.850044
v 7.111237 137.168945 -26.850044
v 7.111237 137.168945 -24.850044
v 7.414307 136.920212 -26.850044
v 7.414307 136.920212 -24.850044
v 7.663055 136.617142 -26.850044
v 7.663055 136.617142 -24.850044
v 7.847870 136.271362 -26.850044
v 7.847870 136.271362 -24.850044
v 7.961670 135.896179 -26.850044
v 7.961670 135.896179 -24.850044
v -5.599884 137.506012 -24.850044
v -5.599884 137.505997 -26.850044
v -7.561462 135.896179 -26.850044
v -7.599884 135.505997 -26.850044
v -7.599884 135.506012 -24.850044
v -7.561462 135.896179 -24.850044
v -7.447662 136.271362 -26.850044
v -7.447662 136.271362 -24.850044
v -7.262848 136.617142 -26.850044
v -7.262848 136.617142 -24.850044
v -7.014099 136.920212 -26.850044
v -7.014099 136.920212 -24.850044
v -6.711029 137.168945 -26.850044
v -6.711029 137.168945 -24.850044
v -6.365265 137.353760 -26.850044
v -6.365265 137.353760 -24.850044
v -5.990082 137.467575 -26.850044
v -5.990082 137.467575 -24.850044
v -7.599884 120.506004 -24.850042
v -7.599884 120.506004 -26.850042
v 6.000092 118.506004 -24.850042
v -5.599884 118.506004 -24.850042
v 6.000092 118.506004 -26.850042
v -5.599884 118.506004 -26.850042
v -7.447662 119.740639 -24.850042
v -7.262848 119.394867 -24.850042
v -7.014099 119.091789 -24.850042
v -5.990082 118.544434 -24.850042
v -6.711029 118.843063 -24.850042
v -6.365265 118.658241 -24.850042
v -7.561462 120.115822 -24.850042
v 6.765472 118.658241 -24.850042
v 6.390289 118.544434 -24.850042
v 7.414307 119.091789 -24.850042
v 7.111237 118.843063 -24.850042
v 7.663055 119.394867 -24.850042
v 7.847870 119.740639 -24.850042
v 7.961670 120.115822 -24.850042
v -7.262848 119.394867 -26.850042
v -7.447662 119.740639 -26.850042
v -7.014099 119.091789 -26.850042
v -6.365265 118.658241 -26.850042
v -6.711029 118.843063 -26.850042
v -5.990082 118.544434 -26.850042
v -7.561462 120.115822 -26.850042
v 6.765472 118.658241 -26.850042
v 6.390289 118.544434 -26.850042
v 7.414307 119.091789 -26.850042
v 7.111237 118.843063 -26.850042
v 7.663055 119.394867 -26.850042
v 7.961670 120.115822 -26.850042
v 7.847870 119.740639 -26.850042
v 15.135803 92.706001 -30.356400
v 14.771332 92.506004 -30.183945
v 14.972473 92.506004 -30.473862
v 14.923676 92.706001 -30.054382
v 15.288849 92.706001 -30.692245
v 15.113190 92.506004 -30.797455
v 15.377533 92.706001 -31.050507
v 15.188080 92.506004 -31.142273
v 15.398926 92.706001 -31.418961
v 15.194244 92.506004 -31.495087
v 15.352203 92.706001 -31.785065
v 15.131470 92.506004 -31.842316
v 15.239044 92.706001 -32.136368
v 15.002167 92.506004 -32.170639
v 15.063232 92.706001 -32.460876
v 14.811279 92.506004 -32.467407
v 14.830811 92.706001 -32.747559
v 14.566193 92.506004 -32.721252
v 14.549652 92.706001 -32.986664
v 14.276276 92.506004 -32.922394
v 14.229340 92.706001 -33.170013
v 13.952667 92.506004 -33.063110
v 13.880798 92.706001 -33.291397
v 13.607849 92.506004 -33.138000
v 13.515900 92.706001 -33.346680
v 13.255035 92.506004 -33.144180
v 13.147034 92.706001 -33.333954
v 12.907806 92.506004 -33.081406
v 12.786804 92.706001 -33.253677
v 12.579498 92.506004 -32.952103
v 12.447449 92.706001 -33.108566
v 12.282715 92.506004 -32.761215
v 12.140533 92.706001 -32.903580
v 12.028870 92.506004 -32.516113
v 11.876526 92.706001 -32.645676
v 14.923676 102.506004 -30.054384
v 15.135803 102.506004 -30.356401
v 15.288849 102.506004 -30.692247
v 15.377533 102.506004 -31.050508
v 15.398926 102.506004 -31.418962
v 15.352203 102.506004 -31.785067
v 15.239044 102.506004 -32.136368
v 15.063232 102.506004 -32.460876
v 14.830811 102.506004 -32.747559
v 14.549652 102.506004 -32.986664
v 14.229340 102.506004 -33.170013
v 13.880798 102.506004 -33.291397
v 13.515900 102.506004 -33.346680
v 13.147034 102.506004 -33.333954
v 12.786804 102.506004 -33.253677
v 12.447449 102.506004 -33.108566
v 12.140533 102.506004 -32.903580
v 11.876526 102.506004 -32.645676
v 16.066376 106.506004 -29.082644
v 16.066376 102.506004 -29.082644
v 16.361908 102.506004 -29.485170
v 16.361908 106.506004 -29.485170
v 16.597168 106.506004 -29.925661
v 16.597168 102.506004 -29.925661
v 16.767334 106.506004 -30.395144
v 16.767334 102.506004 -30.395144
v 16.868958 102.506004 -30.884081
v 16.868958 106.506004 -30.884081
v 16.899963 106.506004 -31.382479
v 16.899963 102.506004 -31.382479
v 16.859711 106.506004 -31.880236
v 16.859711 102.506004 -31.880236
v 16.749054 106.506004 -32.367188
v 16.749054 102.506004 -32.367188
v 16.570190 106.506004 -32.833435
v 16.570190 102.506004 -32.833435
v 16.326813 106.506004 -33.269485
v 16.326813 102.506004 -33.269485
v 16.023865 106.506004 -33.666473
v 16.023865 102.506004 -33.666473
v 15.667480 106.506004 -34.016296
v 15.667480 102.506004 -34.016296
v 15.264954 106.506004 -34.311844
v 15.264954 102.506004 -34.311844
v 14.824463 106.506004 -34.547089
v 14.824463 102.506004 -34.547089
v 14.354980 106.506004 -34.717255
v 14.354980 102.506004 -34.717255
v 13.866058 106.506004 -34.818878
v 13.866058 102.506004 -34.818878
v 13.367645 106.506004 -34.849884
v 13.367645 102.506004 -34.849884
v 12.869904 106.506004 -34.809631
v 12.869904 102.506004 -34.809631
v 12.382935 106.506004 -34.698975
v 12.382935 102.506004 -34.698975
v 11.916687 106.506004 -34.520126
v 11.916687 102.506004 -34.520126
v 11.480652 106.506004 -34.276749
v 11.480652 102.506004 -34.276749
v 11.083649 102.506004 -33.973785
v 11.083649 106.506004 -33.973785
v 10.733826 102.506004 -33.617416
v 10.733826 106.506004 -33.617416
v 13.653168 102.506004 -29.366106
v 13.930298 102.506004 -27.890429
v 13.432556 102.506004 -27.850176
v 13.284302 102.506004 -29.353380
v 12.934143 102.506004 -27.881182
v 14.013397 102.506004 -29.446383
v 14.883514 102.506004 -28.179934
v 14.417267 102.506004 -28.001101
v 12.919403 102.506004 -29.408663
v 12.445221 102.506004 -27.982805
v 14.352753 102.506004 -29.591494
v 15.319550 102.506004 -28.423311
v 12.570862 102.506004 -29.530046
v 11.975739 102.506004 -28.152971
v 11.535248 102.506004 -28.388231
v 14.659668 102.506004 -29.796480
v 15.716553 102.506004 -28.726274
v 12.250549 102.506004 -29.713411
v 11.132721 102.506004 -28.683764
v 11.969391 102.506004 -29.952501
v 10.776337 102.506004 -29.033587
v 11.736969 102.506004 -30.239183
v 10.473389 102.506004 -29.430574
v 10.230011 102.506004 -29.866625
v 11.561157 102.506004 -30.563707
v 10.051178 102.506004 -30.332872
v 11.447998 102.506004 -30.914995
v 9.940491 102.506004 -30.819826
v 11.401276 102.506004 -31.281099
v 9.900238 102.506004 -31.317583
v 11.422668 102.506004 -31.649553
v 9.931244 102.506004 -31.815996
v 10.032867 102.506004 -32.304916
v 11.511353 102.506004 -32.007812
v 10.203033 102.506004 -32.774399
v 11.664398 102.506004 -32.343658
v 10.438293 102.506004 -33.214890
v 10.438293 106.506004 -33.214890
v 10.203033 106.506004 -32.774399
v 10.032867 106.506004 -32.304916
v 9.931244 106.506004 -31.815996
v 9.900238 106.506004 -31.317583
v 9.940491 106.506004 -30.819826
v 10.051178 106.506004 -30.332872
v 10.230011 106.506004 -29.866625
v 10.473389 106.506004 -29.430574
v 10.776337 106.506004 -29.033587
v 11.132721 106.506004 -28.683764
v 11.535248 106.506004 -28.388231
v 11.975739 106.506004 -28.152971
v 12.445221 106.506004 -27.982805
v 12.934143 106.506004 -27.881182
v 13.432556 106.506004 -27.850176
v 13.930298 106.506004 -27.890429
v 14.417267 106.506004 -28.001101
v 14.883514 106.506004 -28.179934
v 15.319550 106.506004 -28.423311
v 15.716553 106.506004 -28.726274
v 11.664398 92.706001 -32.343658
v 11.511353 92.706001 -32.007812
v 11.422668 92.706001 -31.649551
v 11.401276 92.706001 -31.281097
v 11.447998 92.706001 -30.914993
v 11.561157 92.706001 -30.563705
v 11.736969 92.706001 -30.239182
v 11.969391 92.706001 -29.952499
v 12.250549 92.706001 -29.713409
v 12.570862 92.706001 -29.530045
v 12.919403 92.706001 -29.408661
v 13.284302 92.706001 -29.353378
v 13.653168 92.706001 -29.366104
v 14.013397 92.706001 -29.446381
v 14.352753 92.706001 -29.591492
v 14.659668 92.706001 -29.796478
v 12.847534 92.506004 -29.636948
v 13.545166 92.506004 -29.555878
v 13.192352 92.506004 -29.562057
v 11.798035 92.506004 -30.529434
v 12.234009 92.506004 -29.978806
v 11.988922 92.506004 -30.232651
v 11.605957 92.506004 -31.204971
v 11.668732 92.506004 -30.857742
v 11.687012 92.506004 -31.902603
v 11.612122 92.506004 -31.557785
v 11.827728 92.506004 -32.226196
v 12.523926 92.506004 -29.777664
v 14.220703 92.506004 -29.747971
v 13.892395 92.506004 -29.618652
v 14.517487 92.506004 -29.938843
v 15.181702 92.706001 -22.258835
v 15.126526 92.506004 -21.859406
v 14.993988 92.506004 -22.186417
v 15.318359 92.706001 -21.916000
v 14.984375 92.706001 -22.570724
v 14.800171 92.506004 -22.481308
v 14.733093 92.706001 -22.841049
v 14.552582 92.506004 -22.732712
v 14.436401 92.706001 -23.060608
v 14.260681 92.506004 -22.930969
v 14.104462 92.706001 -23.221893
v 13.935730 92.506004 -23.068497
v 13.748505 92.706001 -23.319443
v 13.590179 92.506004 -23.139969
v 13.380707 92.706001 -23.349930
v 13.237335 92.506004 -23.142654
v 13.013550 92.706001 -23.312317
v 12.890717 92.506004 -23.076462
v 12.659546 92.706001 -23.207870
v 12.563721 92.506004 -22.943909
v 12.330780 92.706001 -23.040161
v 12.268829 92.506004 -22.750107
v 12.038422 92.706001 -22.814896
v 12.017426 92.506004 -22.502502
v 11.792450 92.706001 -22.539749
v 11.819153 92.506004 -22.210617
v 11.601196 92.706001 -22.224091
v 11.681641 92.506004 -21.885651
v 11.471222 92.706001 -21.878662
v 11.610168 92.506004 -21.540100
v 11.406921 92.706001 -21.515228
v 11.607483 92.506004 -21.187256
v 11.410522 92.706001 -21.146179
v 11.673676 92.506004 -20.840652
v 11.481842 92.706001 -20.784058
v 15.318359 102.506004 -21.916002
v 15.181702 102.506004 -22.258837
v 14.984375 102.506004 -22.570726
v 14.733093 102.506004 -22.841051
v 14.436401 102.506004 -23.060610
v 14.104462 102.506004 -23.221895
v 13.748505 102.506004 -23.319445
v 13.380707 102.506004 -23.349932
v 13.013550 102.506004 -23.312319
v 12.659546 102.506004 -23.207872
v 12.330780 102.506004 -23.040163
v 12.038422 102.506004 -22.814898
v 11.792450 102.506004 -22.539751
v 11.601196 102.506004 -22.224092
v 11.471222 102.506004 -21.878664
v 11.406921 102.506004 -21.515230
v 11.410522 102.506004 -21.146181
v 11.481842 102.506004 -20.784060
v 16.581909 106.506004 -22.808138
v 16.757050 102.506004 -22.340471
v 16.581909 102.506004 -22.808138
v 16.757050 106.506004 -22.340471
v 16.342010 106.506004 -23.246111
v 16.342010 102.506004 -23.246111
v 16.042236 106.506004 -23.645494
v 16.042236 102.506004 -23.645494
v 15.688660 106.506004 -23.998140
v 15.688660 102.506004 -23.998140
v 15.288513 106.506004 -24.296877
v 15.288513 102.506004 -24.296877
v 14.849915 106.506004 -24.535631
v 14.849915 102.506004 -24.535631
v 14.381775 106.506004 -24.709536
v 14.381775 102.506004 -24.709536
v 13.893677 106.506004 -24.815050
v 13.893677 102.506004 -24.815050
v 13.395538 106.506004 -24.850023
v 13.395538 102.506004 -24.850023
v 12.897491 106.506004 -24.813753
v 12.897491 102.506004 -24.813753
v 12.409668 106.506004 -24.706972
v 12.409668 102.506004 -24.706972
v 11.941986 106.506004 -24.531847
v 11.941986 102.506004 -24.531847
v 11.504028 102.506004 -24.291948
v 11.504028 106.506004 -24.291948
v 11.104645 106.506004 -23.992159
v 11.104645 102.506004 -23.992159
v 10.751984 106.506004 -23.638597
v 10.751984 102.506004 -23.638597
v 10.453247 106.506004 -23.238436
v 10.453247 102.506004 -23.238436
v 10.214508 106.506004 -22.799837
v 10.214508 102.506004 -22.799837
v 10.040588 106.506004 -22.331713
v 10.040588 102.506004 -22.331713
v 9.935089 106.506004 -21.843615
v 9.935089 102.506004 -21.843615
v 9.900116 106.506004 -21.345461
v 9.900116 102.506004 -21.345461
v 9.936371 102.506004 -20.847414
v 9.936371 106.506004 -20.847414
v 10.043152 106.506004 -20.359591
v 10.043152 102.506004 -20.359591
v 15.199005 102.506004 -20.475969
v 16.585693 102.506004 -19.900240
v 16.346954 102.506004 -19.461626
v 15.007751 102.506004 -20.160311
v 16.048218 102.506004 -19.061464
v 15.328979 102.506004 -20.821398
v 16.865112 102.506004 -20.856447
v 16.759613 102.506004 -20.368349
v 14.761780 102.506004 -19.885164
v 15.695557 102.506004 -18.707903
v 15.393280 102.506004 -21.184832
v 16.900085 102.506004 -21.354601
v 14.469421 102.506004 -19.659899
v 15.296173 102.506004 -18.408113
v 14.858215 102.506004 -18.168215
v 15.389679 102.506004 -21.553881
v 16.863831 102.506004 -21.852648
v 14.140656 102.506004 -19.492189
v 14.390533 102.506004 -17.993090
v 13.786652 102.506004 -19.387743
v 13.902710 102.506004 -17.886309
v 13.419495 102.506004 -19.350130
v 13.404663 102.506004 -17.850039
v 12.906525 102.506004 -17.885012
v 13.051697 102.506004 -19.380617
v 12.418427 102.506004 -17.990526
v 12.695740 102.506004 -19.478167
v 11.950287 102.506004 -18.164431
v 12.363800 102.506004 -19.639467
v 11.511688 102.506004 -18.403185
v 12.067108 102.506004 -19.859011
v 11.111542 102.506004 -18.701921
v 10.757965 102.506004 -19.054567
v 11.815826 102.506004 -20.129335
v 10.458191 102.506004 -19.453951
v 11.618500 102.506004 -20.441225
v 10.218292 102.506004 -19.891924
v 10.218292 106.506004 -19.891924
v 10.458191 106.506004 -19.453951
v 10.757965 106.506004 -19.054567
v 11.111542 106.506004 -18.701921
v 11.511688 106.506004 -18.403185
v 11.950287 106.506004 -18.164431
v 12.418427 106.506004 -17.990526
v 12.906525 106.506004 -17.885012
v 13.404663 106.506004 -17.850039
v 13.902710 106.506004 -17.886309
v 14.390533 106.506004 -17.993090
v 14.858215 106.506004 -18.168215
v 15.296173 106.506004 -18.408113
v 15.695557 106.506004 -18.707903
v 16.048218 106.506004 -19.061464
v 16.346954 106.506004 -19.461626
v 16.585693 106.506004 -19.900240
v 16.759613 106.506004 -20.368349
v 16.865112 106.506004 -20.856447
v 16.900085 106.506004 -21.354601
v 16.863831 106.506004 -21.852648
v 11.618500 92.706001 -20.441223
v 11.815826 92.706001 -20.129333
v 12.067108 92.706001 -19.859009
v 12.363800 92.706001 -19.639465
v 12.695740 92.706001 -19.478165
v 13.051697 92.706001 -19.380615
v 13.419495 92.706001 -19.350128
v 13.786652 92.706001 -19.387741
v 14.140656 92.706001 -19.492188
v 14.469421 92.706001 -19.659897
v 14.761780 92.706001 -19.885162
v 15.007751 92.706001 -20.160309
v 15.199005 92.706001 -20.475967
v 15.328979 92.706001 -20.821396
v 15.393280 92.706001 -21.184830
v 15.389679 92.706001 -21.553879
v 13.210022 92.506004 -19.560089
v 13.909485 92.506004 -19.623611
v 13.562866 92.506004 -19.557404
v 12.864471 92.506004 -19.631577
v 14.531372 92.506004 -19.949951
v 14.236481 92.506004 -19.756149
v 12.539520 92.506004 -19.769089
v 12.000031 92.506004 -20.218765
v 15.118561 92.506004 -20.814407
v 14.981049 92.506004 -20.489441
v 14.782776 92.506004 -20.197556
v 12.247620 92.506004 -19.967346
v 11.806213 92.506004 -20.513641
v 15.190033 92.506004 -21.159958
v 15.192719 92.506004 -21.512802
vn -0.0000 -1.0000 -0.0000
vn -0.0000 1.0000 -0.0000
vn -0.0000 1.0000 -0.0001
vn -0.0000 1.0000 -0.0003
vn 1.0000 -0.0000 -0.0000
vn -1.0000 -0.0000 -0.0000
vn -1.0000 -0.0005 -0.0000
vn -0.0000 1.0000 0.0001
vn 0.6716 -0.0000 0.7409
vn 0.6007 -0.0000 0.7995
vn 0.4433 -0.0003 0.8964
vn 0.4421 0.0003 0.8969
vn 0.4439 -0.0000 0.8961
vn 0.5247 -0.0000 0.8513
vn 0.4799 -0.0000 0.8773
vn 0.3581 0.0002 0.9337
vn 0.3591 0.0004 0.9333
vn 0.3567 0.0001 0.9342
vn 0.4416 0.0001 0.8972
vn 0.4373 0.0025 0.8993
vn 0.4361 0.0033 0.8999
vn 0.3559 -0.0000 0.9345
vn 0.1823 0.0002 0.9832
vn 0.1810 -0.0001 0.9835
vn 0.1808 -0.0000 0.9835
vn 0.2718 0.0002 0.9624
vn 0.2724 0.0001 0.9622
vn 0.2711 0.0003 0.9626
vn 0.2730 -0.0000 0.9620
vn 0.1828 0.0001 0.9831
vn 0.1869 0.0022 0.9824
vn 0.1881 0.0029 0.9822
vn 0.1401 -0.0000 0.9901
vn 0.1126 -0.0000 0.9936
vn 0.0676 -0.0000 0.9977
vn 0.0226 -0.0000 0.9997
vn 0.0226 -0.0000 -0.9997
vn 0.0440 0.0028 -0.9990
vn 0.0677 -0.0001 -0.9977
vn 0.1317 0.0028 -0.9913
vn 0.1126 0.0001 -0.9936
vn 0.1401 -0.0000 -0.9901
vn 0.2895 -0.0000 -0.9572
vn 0.2891 0.0001 -0.9573
vn 0.2896 -0.0000 -0.9571
vn 0.2184 0.0017 -0.9759
vn 0.1801 -0.0018 -0.9836
vn 0.1858 0.0016 -0.9826
vn 0.1784 -0.0027 -0.9840
vn 0.1881 0.0029 -0.9822
vn 0.3486 -0.0004 -0.9373
vn 0.3458 -0.0001 -0.9383
vn 0.3532 -0.0007 -0.9356
vn 0.2730 -0.0017 -0.9620
vn 0.4015 0.0002 -0.9158
vn 0.4028 0.0005 -0.9153
vn 0.4008 -0.0000 -0.9162
vn 0.3559 -0.0010 -0.9345
vn 0.4035 0.0006 -0.9150
vn 0.4658 0.0019 -0.8849
vn 0.4382 0.0020 -0.8989
vn 0.4435 -0.0015 -0.8963
vn 0.4449 -0.0024 -0.8956
vn 0.4361 0.0033 -0.8999
vn 0.4800 -0.0000 -0.8773
vn 0.5394 0.0014 -0.8421
vn 0.5247 -0.0021 -0.8513
vn 0.6070 0.0002 -0.7947
vn 0.6027 -0.0010 -0.7980
vn 0.6090 0.0008 -0.7932
vn 0.6007 -0.0015 -0.7995
vn 0.6736 -0.0002 -0.7391
vn 0.6723 -0.0006 -0.7403
vn 0.6742 -0.0000 -0.7386
vn 0.6716 -0.0008 -0.7409
vn 0.0547 0.9939 0.0962
vn 0.0546 0.9939 0.0963
vn 0.0549 0.9938 0.0963
vn 0.1649 0.9430 0.2891
vn 0.1657 0.9430 0.2886
vn 0.1660 0.9431 0.2881
vn 0.0526 0.9938 0.0976
vn 0.0446 0.9945 0.0944
vn 0.2662 0.8416 0.4699
vn 0.2667 0.8419 0.4691
vn 0.2669 0.8419 0.4691
vn 0.1633 0.9431 0.2896
vn 0.1520 0.9431 0.2959
vn 0.2658 0.8415 0.4704
vn 0.6145 0.5815 0.5331
vn 0.0068 0.5565 0.8308
vn 0.3526 0.6974 0.6240
vn 0.0488 0.9937 0.1011
vn 0.1521 0.9430 0.2960
vn 0.2470 0.8414 0.4807
vn 0.2470 0.8413 0.4808
vn 0.0433 0.9938 0.1027
vn 0.0354 0.9945 0.0985
vn 0.3277 0.6971 0.6377
vn 0.3908 0.5193 0.7600
vn 0.3906 0.5218 0.7584
vn 0.3910 0.5180 0.7608
vn 0.2230 0.8415 0.4920
vn 0.1373 0.9431 0.3029
vn 0.4311 0.3106 0.8471
vn 0.3904 0.5231 0.7576
vn 0.4514 0.1055 0.8861
vn 0.4437 0.0359 0.8955
vn 0.4312 0.3248 0.8417
vn 0.2959 0.6973 0.6528
vn 0.3518 0.5235 0.7761
vn 0.3518 0.5234 0.7761
vn 0.3518 0.5235 0.7760
vn 0.4103 0.1102 0.9053
vn 0.3905 0.3249 0.8614
vn 0.3904 0.3249 0.8614
vn 0.0388 0.9937 0.1053
vn 0.1223 0.9430 0.3095
vn 0.1223 0.9430 0.3094
vn 0.0334 0.9937 0.1069
vn 0.0264 0.9944 0.1020
vn 0.1987 0.8414 0.5026
vn 0.1987 0.8413 0.5027
vn 0.1078 0.9431 0.3146
vn 0.2636 0.6971 0.6668
vn 0.2635 0.6971 0.6668
vn 0.1751 0.8415 0.5111
vn 0.2323 0.6973 0.6781
vn 0.3133 0.5233 0.7925
vn 0.3132 0.5232 0.7925
vn 0.3132 0.5232 0.7926
vn 0.3477 0.3248 0.8796
vn 0.3476 0.3247 0.8796
vn 0.3586 0.0487 0.9322
vn 0.3653 0.1101 0.9243
vn 0.2761 0.5235 0.8060
vn 0.2761 0.5235 0.8061
vn 0.2762 0.5235 0.8060
vn 0.3065 0.3249 0.8947
vn 0.3221 0.1103 0.9403
vn 0.0286 0.9937 0.1085
vn 0.0922 0.9430 0.3198
vn 0.0922 0.9430 0.3197
vn 0.0230 0.9937 0.1100
vn 0.0205 0.9941 0.1068
vn 0.1498 0.8413 0.5193
vn 0.1498 0.8413 0.5194
vn 0.0773 0.9431 0.3234
vn 0.0773 0.9431 0.3235
vn 0.1988 0.6971 0.6889
vn 0.1255 0.8415 0.5254
vn 0.1255 0.8415 0.5255
vn 0.2362 0.5232 0.8188
vn 0.1665 0.6973 0.6971
vn 0.1665 0.6974 0.6971
vn 0.2705 0.0642 0.9606
vn 0.2622 0.3247 0.9088
vn 0.2755 0.1102 0.9550
vn 0.1980 0.5235 0.8287
vn 0.2198 0.3249 0.9198
vn 0.2198 0.3249 0.9199
vn 0.2310 0.1102 0.9667
vn -0.0196 0.9821 0.1875
vn 0.3324 0.9413 0.0597
vn 0.0207 0.9937 0.1105
vn 0.0191 0.9359 0.3517
vn 0.1238 0.9403 0.3170
vn 0.0613 0.9430 0.3271
vn 0.0994 0.8417 0.5307
vn 0.0996 0.8413 0.5313
vn 0.0730 0.8359 0.5440
vn 0.1322 0.6970 0.7048
vn 0.1042 0.8413 0.5305
vn 0.1056 0.8412 0.5304
vn 0.1017 0.6974 0.7094
vn 0.1000 0.6966 0.7105
vn 0.0995 0.6964 0.7108
vn 0.1025 0.6973 0.7094
vn 0.1182 0.5236 0.8438
vn 0.1182 0.5235 0.8438
vn 0.1571 0.5232 0.8376
vn 0.1380 0.1101 0.9843
vn 0.1313 0.3249 0.9366
vn 0.1802 0.0826 0.9802
vn 0.1743 0.3246 0.9296
vn 0.1743 0.3247 0.9296
vn 0.1832 0.1101 0.9769
vn 0.1312 0.3249 0.9366
vn -0.9934 -0.0000 -0.1144
vn -0.9414 -0.0000 -0.3373
vn -0.8400 -0.0000 -0.5425
vn -0.6947 -0.0000 -0.7193
vn -0.5129 -0.0000 -0.8584
vn -0.3043 -0.0000 -0.9526
vn -0.0798 -0.0000 -0.9968
vn 0.1489 -0.0000 -0.9888
vn 0.5268 -0.0000 -0.8500
vn 0.8449 -0.0000 -0.5349
vn 0.7038 -0.0000 -0.7104
vn 0.9432 -0.0000 -0.3322
vn 0.9936 -0.0000 -0.1126
vn 0.7071 -0.7071 -0.0000
vn -0.7071 -0.7071 -0.0000
vn -0.0000 -0.0000 -1.0000
vn -0.0000 -0.0000 1.0000
vn -0.7045 -0.7045 -0.0856
vn -0.7045 -0.7045 -0.0855
vn -0.6635 -0.7045 -0.2517
vn -0.6636 -0.7045 -0.2516
vn -0.6636 -0.7045 -0.2517
vn -0.5840 -0.7045 -0.4032
vn -0.5840 -0.7045 -0.4031
vn -0.4706 -0.7045 -0.5312
vn -0.5841 -0.7045 -0.4031
vn -0.3298 -0.7045 -0.6284
vn -0.1699 -0.7045 -0.6891
vn -0.1698 -0.7045 -0.6891
vn -0.0000 -0.7045 -0.7097
vn -0.1699 -0.7045 -0.6890
vn 0.1698 -0.7045 -0.6891
vn 0.1699 -0.7045 -0.6891
vn 0.3298 -0.7045 -0.6284
vn 0.4706 -0.7045 -0.5312
vn 0.5840 -0.7045 -0.4031
vn 0.5840 -0.7045 -0.4032
vn 0.5841 -0.7045 -0.4031
vn 0.6636 -0.7045 -0.2516
vn 0.6635 -0.7045 -0.2517
vn 0.7045 -0.7045 -0.0855
vn -0.9927 -0.0000 -0.1206
vn -0.9350 -0.0000 -0.3546
vn -0.8230 -0.0000 -0.5681
vn -0.6631 -0.0000 -0.7485
vn -0.4647 -0.0000 -0.8855
vn -0.2393 -0.0000 -0.9709
vn 0.2393 -0.0000 -0.9709
vn 0.4647 -0.0000 -0.8855
vn 0.6631 -0.0000 -0.7485
vn 0.8230 -0.0000 -0.5681
vn 0.9350 -0.0000 -0.3546
vn 0.9927 -0.0000 -0.1205
vn -0.9927 -0.0000 -0.1205
vn -0.4647 -0.0000 -0.8854
vn 0.4647 -0.0000 -0.8854
vn 0.0001 -0.0045 1.0000
vn -0.0000 -0.0032 1.0000
vn -0.0000 -0.9977 0.0684
vn 0.0006 -0.9937 0.1120
vn 0.0004 -0.9439 0.3303
vn -0.0002 -0.9784 0.2067
vn 0.0004 -0.8467 0.5320
vn -0.0004 -0.9258 0.3779
vn 0.0004 -0.7071 0.7071
vn -0.0004 -0.8218 0.5697
vn 0.0004 -0.5320 0.8467
vn -0.0004 -0.6755 0.7373
vn 0.0033 -0.1119 0.9937
vn 0.0019 -0.1249 0.9922
vn 0.0016 -0.0682 0.9977
vn -0.0000 -0.0201 0.9998
vn 0.0003 -0.3303 0.9439
vn -0.0003 -0.4967 0.8679
vn -0.0002 -0.2995 0.9541
vn 0.0001 -0.1420 0.9899
vn 0.0002 -0.1345 0.9909
vn 0.0001 -0.1370 0.9906
vn -0.0000 -0.1450 0.9894
vn -0.0026 -0.1003 0.9950
vn -0.0024 -0.1020 0.9948
vn -0.0023 -0.1032 0.9947
vn -0.0007 -0.0443 0.9990
vn -0.0000 -0.0131 0.9999
vn -0.0027 -0.0992 0.9951
vn 0.9927 -0.0000 0.1205
vn 0.9350 -0.0000 0.3546
vn 0.8230 -0.0000 0.5681
vn 0.6632 -0.0000 0.7485
vn 0.6631 -0.0000 0.7485
vn 0.4647 -0.0000 0.8855
vn 0.2393 -0.0000 0.9709
vn -0.4647 -0.0000 0.8855
vn -0.2393 -0.0000 0.9709
vn -0.8230 -0.0000 0.5681
vn -0.6632 -0.0000 0.7485
vn -0.6631 -0.0000 0.7485
vn -0.9350 -0.0000 0.3546
vn -0.9927 -0.0000 0.1205
vn 0.4647 -0.0000 0.8854
vn -0.4647 -0.0000 0.8854
vn -0.5932 -0.0000 0.8050
vn -0.5932 -0.0000 0.8051
vn -0.8230 -0.0000 0.5680
vn 0.1120 -0.0000 -0.9937
vn 0.3303 -0.0000 -0.9439
vn 0.5320 -0.0000 -0.8467
vn 0.7071 -0.0000 -0.7071
vn 0.8467 -0.0000 -0.5320
vn 0.9439 -0.0000 -0.3303
vn 0.9937 -0.0000 -0.1120
vn -0.9927 -0.0000 0.1206
vn -0.0000 -1.0000 -0.0001
vn -0.0000 -1.0000 0.0002
vn 1.0000 0.0005 -0.0000
vn 1.0000 0.0007 -0.0000
vn -0.7070 -0.0000 0.7072
vn -0.7071 -0.0000 0.7071
vn -0.7070 -0.0003 0.7072
vn -0.7066 -0.0001 0.7076
vn -0.7058 -0.0616 0.7058
vn -0.6978 -0.1858 0.6918
vn -0.6967 -0.0994 0.7105
vn -0.6688 -0.3414 0.6604
vn -0.6683 -0.3005 0.6805
vn -0.6047 -0.5297 0.5948
vn -0.6085 -0.4978 0.6180
vn -0.5021 -0.7140 0.4879
vn -0.5157 -0.6768 0.5253
vn -0.3515 -0.8756 0.3314
vn -0.3958 -0.8232 0.4070
vn -0.2620 -0.9266 0.2698
vn -0.1403 -0.9828 0.1200
vn -0.1536 -0.9777 0.1432
vn -0.0483 -0.9977 0.0483
vn 0.9938 -0.0002 0.1111
vn 0.9939 -0.0000 0.1101
vn 0.9936 -0.0005 0.1129
vn 0.9448 0.0001 0.3277
vn 0.9458 0.0006 0.3249
vn 0.9429 -0.0007 0.3330
vn 0.9935 -0.0006 0.1139
vn 0.8518 0.0012 0.5239
vn 0.9419 -0.0012 0.3358
vn 0.7165 0.0017 0.6976
vn 0.8414 -0.0017 0.5403
vn 0.6973 -0.0022 0.7168
vn 0.5465 0.0049 0.8374
vn 0.5843 0.0003 0.8116
vn 0.5846 0.0005 0.8113
vn 0.5856 0.0011 0.8106
vn 0.5837 -0.0000 0.8120
vn 0.3500 0.0047 0.9367
vn 0.4680 -0.0041 0.8837
vn 0.1366 0.0042 0.9906
vn 0.2793 -0.0037 0.9602
vn -0.0835 0.0035 0.9965
vn 0.0789 -0.0031 0.9969
vn -0.2995 0.0025 0.9541
vn -0.1247 -0.0023 0.9922
vn -0.5028 0.0010 0.8644
vn -0.5010 0.0014 0.8654
vn -0.5063 0.0004 0.8624
vn -0.3231 -0.0013 0.9464
vn -0.5082 -0.0000 0.8613
vn -0.5907 -0.0923 0.8016
vn -0.5907 -0.0929 0.8016
vn -0.5907 -0.0933 0.8015
vn -0.5695 -0.2792 0.7731
vn -0.5695 -0.2788 0.7732
vn -0.5907 -0.0940 0.8014
vn -0.5255 -0.4645 0.7128
vn -0.5262 -0.4615 0.7143
vn -0.5272 -0.4567 0.7166
vn -0.5279 -0.4537 0.7180
vn -0.4561 -0.6368 0.6217
vn -0.4698 -0.6118 0.6363
vn -0.3674 -0.7829 0.5021
vn -0.3945 -0.7484 0.5331
vn -0.2642 -0.8938 0.3625
vn -0.3054 -0.8588 0.4113
vn -0.1563 -0.9639 0.2156
vn -0.2058 -0.9389 0.2759
vn -0.0506 -0.9962 0.0712
vn -0.1148 -0.9813 0.1543
vn -0.0382 -0.9979 0.0518
vn -0.0000 -0.0935 0.9956
vn 0.0003 -0.2777 0.9607
vn -0.0004 -0.1120 0.9937
vn 0.0006 -0.4664 0.8846
vn -0.0006 -0.3303 0.9439
vn 0.0007 -0.6565 0.7543
vn -0.0006 -0.5320 0.8467
vn 0.0006 -0.8184 0.5747
vn -0.0005 -0.7071 0.7071
vn 0.0004 -0.9325 0.3611
vn -0.0004 -0.8467 0.5320
vn 0.0003 -0.9923 0.1237
vn 0.0002 -0.9927 0.1203
vn 0.0001 -0.9933 0.1154
vn -0.0002 -0.9439 0.3303
vn -0.0000 -0.9937 0.1120
vn -0.0015 0.0980 0.9952
vn -0.0000 0.0659 0.9978
vn -0.0016 0.2903 0.9569
vn 0.0008 0.1969 0.9804
vn 0.0001 0.3241 0.9460
vn -0.0016 0.4714 0.8819
vn -0.0001 0.4456 0.8952
vn -0.0018 0.6344 0.7730
vn 0.0008 0.5600 0.8285
vn -0.0016 0.7730 0.6344
vn 0.0013 0.6809 0.7324
vn -0.0018 0.8819 0.4714
vn 0.0018 0.8057 0.5923
vn -0.0023 0.9569 0.2903
vn 0.0024 0.9088 0.4172
vn -0.0016 0.9952 0.0980
vn 0.0012 0.9697 0.2443
vn -0.0000 0.9965 0.0834
vn 0.9928 0.0009 0.1200
vn 0.9935 -0.0000 0.1135
vn 0.9933 0.0003 0.1158
vn 0.9925 0.0012 0.1222
vn 0.9332 0.0022 0.3594
vn 0.9424 -0.0011 0.3346
vn 0.8181 0.0030 0.5751
vn 0.8426 -0.0020 0.5385
vn 0.6541 0.0037 0.7564
vn 0.6995 -0.0028 0.7146
vn 0.4510 0.0041 0.8925
vn 0.5203 -0.0033 0.8540
vn 0.2209 0.0044 0.9753
vn 0.3144 -0.0037 0.9493
vn -0.0223 0.0019 0.9997
vn 0.1373 -0.0010 0.9905
vn -0.0045 0.0041 1.0000
vn -0.2642 0.0032 0.9645
vn -0.1424 -0.0013 0.9898
vn -0.2822 0.0015 0.9594
vn -0.4903 0.0037 0.8715
vn -0.4138 -0.0009 0.9104
vn -0.5363 -0.0000 0.8440
vn -0.3061 -0.2999 0.9035
vn -0.3102 -0.1033 0.9450
vn -0.3030 -0.1023 0.9475
vn -0.3016 -0.1015 0.9480
vn -0.3185 -0.1020 0.9424
vn -0.3172 -0.1028 0.9428
vn -0.2904 -0.3010 0.9083
vn -0.2796 -0.5014 0.8188
vn -0.2890 -0.4981 0.8176
vn -0.2869 -0.4989 0.8178
vn -0.2585 -0.4845 0.8357
vn -0.3117 -0.3131 0.8971
vn -0.2803 -0.3131 0.9074
vn -0.2151 -0.6449 0.7334
vn -0.2769 -0.5025 0.8190
vn -0.2939 -0.5022 0.8133
vn -0.2314 -0.6512 0.7228
vn -0.2923 -0.6890 0.6632
vn -0.1661 -0.7783 0.6055
vn -0.1621 -0.7773 0.6079
vn -0.1623 -0.7765 0.6088
vn -0.2577 -0.6774 0.6890
vn -0.1669 -0.7779 0.6058
vn -0.2846 -0.8388 0.4640
vn -0.0975 -0.8778 0.4689
vn -0.2041 -0.8200 0.5348
vn -0.1185 -0.8820 0.4561
vn -0.2675 -0.9322 0.2437
vn -0.0141 -0.9467 0.3217
vn -0.1387 -0.9200 0.3666
vn -0.1041 -0.9557 0.2752
vn -0.2570 -0.9664 0.0076
vn 0.0445 -0.9808 0.1901
vn -0.0592 -0.9786 0.1971
vn -0.3214 -0.9468 -0.0151
vn -0.3122 -0.0000 0.9500
vn -0.4057 0.6712 0.6204
vn -0.3666 0.7056 0.6063
vn -0.3721 0.6155 0.6948
vn -0.3577 0.6260 0.6929
vn -0.3597 0.5313 0.7671
vn -0.3448 0.5427 0.7659
vn -0.3529 0.4427 0.8243
vn -0.3223 0.4651 0.8245
vn -0.3427 0.3620 0.8669
vn -0.3061 0.3840 0.8711
vn -0.3058 0.3033 0.9025
vn -0.3161 0.2997 0.9002
vn -0.3136 0.3005 0.9007
vn -0.3031 0.3042 0.9031
vn -0.3149 0.2242 0.9223
vn -0.3097 0.2244 0.9240
vn -0.3108 0.2243 0.9236
vn -0.3160 0.2241 0.9219
vn -0.3038 0.1562 0.9398
vn -0.3176 0.1578 0.9350
vn -0.3184 0.0926 0.9434
vn -0.3079 0.0892 0.9472
vn -0.3101 0.0900 0.9464
vn -0.3203 0.0932 0.9427
vn -0.3159 0.0310 0.9483
vn -0.3120 0.0293 0.9496
vn -0.3129 0.0297 0.9493
vn -0.3167 0.0314 0.9480
vn -0.4195 0.7071 0.5693
vn 0.7072 -0.0000 0.7070
vn 0.7071 -0.0000 0.7071
vn 0.7070 -0.0000 0.7072
vn 0.7070 -0.0001 0.7072
vn 0.7071 -0.0000 0.7072
vn 0.7044 0.7044 0.0868
vn 0.7044 0.7044 0.0867
vn 0.7045 0.7044 0.0867
vn 0.6623 0.7044 0.2551
vn 0.6624 0.7044 0.2551
vn 0.5807 0.7044 0.4082
vn 0.4642 0.7044 0.5369
vn 0.3201 0.7044 0.6335
vn 0.1568 0.7044 0.6922
vn -0.0158 0.7044 0.7096
vn -0.0159 0.7044 0.7096
vn -0.1875 0.7044 0.6845
vn -0.3480 0.7044 0.6186
vn 0.7049 -0.7049 0.0794
vn 0.7049 -0.6695 0.2343
vn 0.7049 -0.6006 0.3774
vn 0.7049 -0.5016 0.5016
vn 0.7049 -0.5016 0.5015
vn 0.7049 -0.3774 0.6006
vn 0.7049 -0.2343 0.6695
vn 0.7049 -0.0794 0.7049
vn 0.7071 0.7071 -0.0000
vn 0.7054 0.7054 0.0695
vn 0.7054 0.6783 0.2058
vn 0.7054 0.6251 0.3341
vn 0.7054 0.5479 0.4497
vn 0.7054 0.4497 0.5479
vn 0.7054 0.3341 0.6251
vn 0.7054 0.2058 0.6783
vn 0.7054 0.0695 0.7054
vn -0.1136 0.9935 0.0015
vn -0.1228 0.9924 -0.0000
vn -0.1195 0.9928 0.0006
vn -0.1103 0.9939 0.0021
vn -0.3172 0.9484 -0.0016
vn -0.5148 0.8573 -0.0024
vn -0.3611 0.9325 0.0029
vn -0.6958 0.7182 -0.0029
vn -0.5775 0.8164 0.0032
vn -0.8502 0.5264 -0.0032
vn -0.7591 0.6509 0.0030
vn -0.8830 0.4693 0.0010
vn -0.9488 0.3158 0.0002
vn -0.9544 0.2984 -0.0013
vn -0.9938 0.1110 -0.0023
vn -0.9872 0.1598 -0.0001
vn -0.9986 0.0532 -0.0000
vn 0.1210 0.9927 0.0003
vn 0.1220 0.9925 0.0001
vn 0.1228 0.9924 -0.0000
vn 0.1205 0.9927 0.0004
vn 0.3550 0.9349 0.0005
vn 0.3588 0.9334 -0.0000
vn 0.3611 0.9325 -0.0004
vn 0.5775 0.8164 -0.0009
vn 0.3528 0.9357 0.0009
vn 0.5634 0.8262 0.0013
vn 0.7591 0.6509 0.0028
vn 0.7248 0.6889 -0.0009
vn 0.9169 0.3991 0.0002
vn 0.8640 0.5035 -0.0002
vn 0.8450 0.5347 -0.0020
vn 0.9656 0.2600 0.0014
vn 0.9384 0.3456 -0.0024
vn 0.9962 0.0874 -0.0000
vn 0.9926 0.1214 -0.0022
vn -0.0000 0.0804 -0.9968
vn -0.0000 0.2390 -0.9710
vn -0.0000 0.3914 -0.9202
vn -0.0000 0.5338 -0.8456
vn -0.0005 0.6593 -0.7519
vn -0.0002 0.6552 -0.7554
vn -0.0006 0.6619 -0.7496
vn -0.0000 0.6526 -0.7577
vn -0.0010 0.7711 -0.6367
vn 0.0005 0.7477 -0.6641
vn -0.0014 0.8659 -0.5003
vn 0.0012 0.8390 -0.5441
vn -0.0013 0.9403 -0.3403
vn 0.0015 0.9224 -0.3862
vn -0.0006 0.9810 -0.1939
vn 0.0011 0.9741 -0.2260
vn 0.0002 0.9977 -0.0684
vn 0.0005 0.9973 -0.0732
vn -0.0000 0.9979 -0.0653
vn 0.0007 0.9971 -0.0763
vn -0.7071 -0.0000 -0.7071
vn -0.7060 0.0569 -0.7060
vn -0.7141 0.0749 -0.6960
vn -0.7170 0.2204 -0.6613
vn -0.7008 0.1705 -0.6927
vn -0.7141 0.3577 -0.6018
vn -0.7008 0.2792 -0.6564
vn -0.7060 0.3781 -0.5989
vn -0.7069 0.4043 -0.5803
vn -0.6397 0.5528 -0.5340
vn -0.6381 0.5752 -0.5118
vn -0.6405 0.5782 -0.5054
vn -0.6376 0.5745 -0.5133
vn -0.5620 0.7177 -0.4111
vn -0.6410 0.5789 -0.5040
vn -0.5492 0.7137 -0.4348
vn -0.4421 0.8437 -0.3046
vn -0.5189 0.7298 -0.4451
vn -0.4083 0.8564 -0.3160
vn -0.4049 0.8560 -0.3214
vn -0.4042 0.8559 -0.3227
vn -0.5543 0.7395 -0.3820
vn -0.4089 0.8565 -0.3149
vn -0.3395 0.9211 -0.1907
vn -0.2499 0.9429 -0.2200
vn -0.2498 0.9429 -0.2202
vn -0.3437 0.9068 -0.2441
vn -0.2503 0.9429 -0.2196
vn -0.2468 0.9664 -0.0722
vn -0.1206 0.9838 -0.1325
vn -0.1313 0.9839 -0.1212
vn -0.2198 0.9651 -0.1421
vn -0.2634 0.9528 0.1510
vn 0.1294 0.9828 -0.1320
vn -0.1017 0.9936 -0.0497
vn 0.7060 0.3781 -0.5989
vn 0.7141 0.3577 -0.6018
vn 0.7170 0.2204 -0.6613
vn 0.7008 0.2792 -0.6564
vn 0.7141 0.0749 -0.6960
vn 0.7008 0.1705 -0.6927
vn 0.7060 0.0569 -0.7060
vn 0.6728 0.5233 -0.5229
vn 0.7120 0.4102 -0.5698
vn 0.7066 0.3928 -0.5887
vn 0.6498 0.5070 -0.5663
vn 0.5638 0.6926 -0.4499
vn 0.5637 0.6924 -0.4503
vn 0.5638 0.6925 -0.4501
vn 0.6320 0.5943 -0.4974
vn 0.6382 0.6017 -0.4802
vn 0.5639 0.6927 -0.4498
vn 0.4251 0.8276 -0.3667
vn 0.5068 0.7370 -0.4472
vn 0.4623 0.8266 -0.3210
vn 0.5443 0.7517 -0.3724
vn 0.4371 0.8386 -0.3251
vn 0.2546 0.9289 -0.2690
vn 0.3783 0.9029 -0.2039
vn 0.3629 0.8944 -0.2614
vn 0.2813 0.9337 -0.2213
vn 0.1116 0.9790 -0.1706
vn 0.2747 0.9583 -0.0788
vn 0.2360 0.9601 -0.1500
vn 0.1494 0.9814 -0.1204
vn -0.1529 0.9760 -0.1553
vn 0.2825 0.9460 0.1589
vn 0.1099 0.9920 -0.0615
vn 0.1119 -0.9937 -0.0000
vn 0.3303 -0.9439 -0.0000
vn 0.5320 -0.8468 -0.0000
vn 0.8467 -0.5320 -0.0000
vn 0.9439 -0.3303 -0.0000
vn 0.9937 -0.1120 -0.0000
vn -0.9937 -0.1120 -0.0000
vn -0.9439 -0.3303 -0.0000
vn -0.8467 -0.5320 -0.0000
vn -0.5320 -0.8467 -0.0000
vn -0.3303 -0.9439 -0.0000
vn -0.1120 -0.9937 -0.0000
vn -0.4008 -0.0000 0.9162
vn -0.3458 -0.0000 0.9383
vn -0.2896 -0.0000 0.9571
vn -0.9936 -0.0000 0.1126
vn -0.9432 -0.0000 0.3322
vn -0.8449 -0.0000 0.5349
vn -0.7038 -0.0000 0.7104
vn -0.5268 -0.0000 0.8500
vn -0.1489 -0.0000 0.9888
vn 0.0798 -0.0000 0.9968
vn 0.3043 -0.0000 0.9526
vn 0.6947 -0.0000 0.7193
vn 0.5129 -0.0000 0.8584
vn 0.5130 -0.0000 0.8584
vn 0.9414 -0.0000 0.3373
vn 0.8400 -0.0000 0.5425
vn 0.9934 -0.0000 0.1144
vn -0.0000 0.7071 -0.7071
vn 0.0794 0.7049 -0.7049
vn 0.2343 0.7049 -0.6695
vn 0.3774 0.7049 -0.6006
vn 0.5016 0.7049 -0.5016
vn 0.6006 0.7049 -0.3774
vn 0.6695 0.7049 -0.2343
vn 0.7049 0.7049 -0.0794
vn 0.7049 0.7049 0.0781
vn 0.7049 0.7050 0.0781
vn 0.6708 0.7049 0.2304
vn 0.6041 0.7049 0.3716
vn 0.5082 0.7049 0.4948
vn 0.5082 0.7050 0.4948
vn 0.3876 0.7050 0.5940
vn 0.2483 0.7049 0.6644
vn 0.2483 0.7050 0.6644
vn 0.0969 0.7050 0.7026
vn 0.0969 0.7049 0.7026
vn -0.0592 0.7049 0.7068
vn -0.0592 0.7050 0.7068
vn -0.2124 0.7050 0.6767
vn -0.2124 0.7049 0.6767
vn -0.3553 0.7049 0.6138
vn -0.4195 0.7073 0.5689
vn -0.4195 0.7073 0.5690
vn -0.4194 0.7072 0.5692
vn -0.4195 0.7070 0.5693
vn -0.3737 -0.7049 0.6029
vn -0.3737 -0.7048 0.6029
vn -0.3737 -0.7048 0.6030
vn -0.4992 -0.7048 0.5040
vn -0.4993 -0.7048 0.5040
vn -0.5994 -0.7048 0.3794
vn -0.6691 -0.7048 0.2357
vn -0.7048 -0.7048 0.0799
vn -0.7049 -0.7048 0.0799
vn -0.2048 -0.7070 0.6769
vn -0.2048 -0.7070 0.6770
vn -0.2048 -0.7069 0.6770
vn -0.2446 -0.7069 0.6636
vn -0.2446 -0.7070 0.6636
vn -0.2835 -0.7070 0.6480
vn -0.2835 -0.7070 0.6479
vn 0.7048 -0.7048 0.0812
vn 0.6678 -0.7048 0.2393
vn 0.6678 -0.7048 0.2392
vn 0.6679 -0.7048 0.2393
vn 0.5959 -0.7048 0.3849
vn 0.4928 -0.7048 0.5103
vn 0.4929 -0.7048 0.5103
vn 0.3639 -0.7048 0.6090
vn 0.2159 -0.7048 0.6758
vn 0.0566 -0.7048 0.7072
vn -0.1057 -0.7048 0.7015
vn 0.7045 -0.7045 0.0855
vn 0.6635 -0.7045 0.2517
vn 0.6636 -0.7045 0.2516
vn 0.5840 -0.7045 0.4032
vn 0.5840 -0.7045 0.4031
vn 0.4706 -0.7045 0.5312
vn 0.5841 -0.7045 0.4031
vn 0.3298 -0.7045 0.6284
vn 0.1699 -0.7045 0.6891
vn 0.1698 -0.7045 0.6891
vn -0.0000 -0.7045 0.7097
vn -0.1698 -0.7045 0.6891
vn -0.1699 -0.7045 0.6891
vn -0.3298 -0.7045 0.6284
vn -0.1699 -0.7045 0.6890
vn -0.4706 -0.7045 0.5312
vn -0.5840 -0.7045 0.4031
vn -0.5841 -0.7045 0.4031
vn -0.6636 -0.7045 0.2516
vn -0.6635 -0.7045 0.2517
vn -0.7045 -0.7045 0.0856
vn -0.7045 -0.7045 0.0855
vn -0.9946 0.1042 -0.0000
vn -0.9944 0.1057 0.0006
vn -0.9939 0.1105 0.0026
vn -0.9513 0.3082 -0.0030
vn -0.9937 0.1120 0.0032
vn -0.8667 0.4988 -0.0055
vn -0.9439 0.3303 0.0060
vn -0.7445 0.6676 -0.0075
vn -0.8467 0.5320 0.0083
vn -0.5898 0.8075 -0.0091
vn -0.7071 0.7071 0.0101
vn -0.4096 0.9122 -0.0102
vn -0.5320 0.8467 0.0114
vn -0.2450 0.9695 -0.0044
vn -0.1317 0.9913 0.0067
vn -0.3303 0.9438 0.0122
vn -0.0436 0.9990 -0.0000
vn -0.1119 0.9936 0.0121
vn 0.0700 0.9975 -0.0000
vn 0.1844 0.9829 -0.0003
vn 0.2705 0.9627 0.0005
vn 0.1119 0.9936 0.0119
vn 0.4096 0.9122 -0.0102
vn 0.3303 0.9438 0.0122
vn 0.5898 0.8075 -0.0091
vn 0.5320 0.8467 0.0114
vn 0.7444 0.6676 -0.0076
vn 0.7071 0.7071 0.0101
vn 0.8667 0.4988 -0.0055
vn 0.8467 0.5320 0.0083
vn 0.9513 0.3082 -0.0030
vn 0.9439 0.3303 0.0060
vn 0.9939 0.1105 0.0026
vn 0.9944 0.1057 0.0006
vn 0.9946 0.1042 -0.0000
vn 0.9937 0.1120 0.0032
vn 0.0980 0.9952 -0.0000
vn 0.2903 0.9569 -0.0000
vn 0.4714 0.8819 -0.0000
vn 0.6344 0.7730 -0.0000
vn 0.7730 0.6344 -0.0000
vn 0.8819 0.4714 -0.0000
vn 0.9569 0.2903 -0.0000
vn 0.9952 0.0980 -0.0000
vn -0.9952 0.0980 -0.0000
vn -0.9569 0.2903 -0.0000
vn -0.8819 0.4714 -0.0000
vn -0.7730 0.6344 -0.0000
vn -0.6344 0.7730 -0.0000
vn -0.4714 0.8819 -0.0000
vn -0.2903 0.9569 -0.0000
vn -0.0980 0.9952 -0.0000
vn -0.0001 -0.0000 1.0000
vn 0.0001 -0.0000 1.0000
vn -0.0001 -0.0000 -1.0000
vn 0.0001 -0.0000 -1.0000
vn -0.0980 -0.9952 -0.0000
vn -0.2903 -0.9569 -0.0000
vn -0.4714 -0.8819 -0.0000
vn -0.6344 -0.7730 -0.0000
vn -0.7730 -0.6344 -0.0000
vn -0.8819 -0.4714 -0.0000
vn -0.9569 -0.2903 -0.0000
vn -0.9952 -0.0980 -0.0000
vn 0.9952 -0.0980 -0.0000
vn 0.9569 -0.2903 -0.0000
vn 0.8819 -0.4714 -0.0000
vn 0.7730 -0.6344 -0.0000
vn 0.6344 -0.7730 -0.0000
vn 0.4714 -0.8819 -0.0000
vn 0.2903 -0.9569 -0.0000
vn 0.0980 -0.9952 -0.0000
vn 0.5800 -0.7058 0.4068
vn 0.5795 -0.7088 0.4023
vn 0.5793 -0.7091 0.4019
vn 0.5799 -0.7056 0.4073
vn 0.6435 -0.7124 0.2799
vn 0.6477 -0.7024 0.2952
vn 0.6831 -0.7151 0.1483
vn 0.6936 -0.6996 0.1717
vn 0.6965 -0.7174 0.0122
vn 0.7158 -0.6971 0.0415
vn 0.6837 -0.7192 -0.1236
vn 0.7131 -0.6951 -0.0910
vn 0.6451 -0.7206 -0.2541
vn 0.6857 -0.6936 -0.2209
vn 0.5824 -0.7215 -0.3746
vn 0.6344 -0.6924 -0.3437
vn 0.4978 -0.7219 -0.4806
vn 0.5609 -0.6918 -0.4547
vn 0.3945 -0.7219 -0.5685
vn 0.4680 -0.6915 -0.5503
vn 0.2761 -0.7215 -0.6350
vn 0.3587 -0.6918 -0.6267
vn 0.1472 -0.7206 -0.6776
vn 0.2373 -0.6924 -0.6813
vn 0.0122 -0.7192 -0.6947
vn 0.1079 -0.6936 -0.7123
vn -0.0248 -0.6951 -0.7184
vn -0.1239 -0.7174 -0.6855
vn -0.1559 -0.6971 -0.6998
vn -0.2561 -0.7152 -0.6503
vn -0.2810 -0.6995 -0.6571
vn -0.3796 -0.7124 -0.5902
vn -0.3953 -0.7024 -0.5919
vn -0.4902 -0.7090 -0.5070
vn -0.4949 -0.7060 -0.5066
vn -0.4897 -0.7092 -0.5072
vn -0.4952 -0.7056 -0.5069
vn 0.8183 -0.0000 0.5748
vn 0.9100 -0.0000 0.4147
vn 0.9707 -0.0000 0.2403
vn 0.9983 -0.0000 0.0580
vn 0.9920 -0.0000 -0.1266
vn 0.9518 -0.0000 -0.3066
vn 0.8793 -0.0000 -0.4764
vn 0.8792 -0.0000 -0.4764
vn 0.7768 -0.0000 -0.6298
vn 0.6478 -0.0000 -0.7618
vn 0.4968 -0.0000 -0.8679
vn 0.3289 -0.0000 -0.9444
vn 0.1498 -0.0000 -0.9887
vn -0.0345 -0.0000 -0.9994
vn -0.2175 -0.0000 -0.9761
vn -0.3932 -0.0000 -0.9195
vn -0.5554 -0.0000 -0.8316
vn -0.6988 -0.0000 -0.7153
vn 0.8061 -0.0000 0.5918
vn 0.8821 -0.0000 0.4711
vn 0.9791 -0.0000 0.2035
vn 0.9401 -0.0000 0.3408
vn 0.9981 -0.0000 0.0621
vn 0.9967 -0.0000 -0.0806
vn 0.9751 -0.0000 -0.2216
vn 0.9337 -0.0000 -0.3582
vn 0.8732 -0.0000 -0.4874
vn 0.7950 -0.0000 -0.6067
vn 0.7005 -0.0000 -0.7136
vn 0.5918 -0.0000 -0.8061
vn 0.4711 -0.0000 -0.8821
vn 0.3408 -0.0000 -0.9401
vn 0.2035 -0.0000 -0.9791
vn 0.0621 -0.0000 -0.9981
vn -0.0806 -0.0000 -0.9967
vn -0.2216 -0.0000 -0.9751
vn -0.3581 -0.0000 -0.9337
vn -0.6067 -0.0000 -0.7950
vn -0.4874 -0.0000 -0.8732
vn -0.7136 -0.0000 -0.7005
vn -0.8061 -0.0000 -0.5918
vn -0.8821 -0.0000 -0.4711
vn -0.9401 -0.0000 -0.3408
vn -0.9791 -0.0000 -0.2035
vn -0.9981 -0.0000 -0.0621
vn -0.9967 -0.0000 0.0806
vn -0.9751 -0.0000 0.2217
vn -0.9337 -0.0000 0.3581
vn -0.8732 -0.0000 0.4874
vn -0.7950 -0.0000 0.6067
vn -0.5918 -0.0000 0.8061
vn -0.7005 -0.0000 0.7136
vn -0.4711 -0.0000 0.8821
vn -0.3408 -0.0000 0.9401
vn -0.2035 -0.0000 0.9791
vn -0.0621 -0.0000 0.9981
vn 0.0806 -0.0000 0.9967
vn 0.2216 -0.0000 0.9751
vn 0.4874 -0.0000 0.8732
vn 0.3581 -0.0000 0.9337
vn 0.6067 -0.0000 0.7950
vn 0.7136 -0.0000 0.7005
vn -0.0000 1.0000 0.0004
vn -0.0000 1.0000 -0.0002
vn -0.8183 -0.0000 -0.5748
vn -0.9100 -0.0000 -0.4147
vn -0.9707 -0.0000 -0.2403
vn -0.9983 -0.0000 -0.0580
vn -0.9920 -0.0000 0.1266
vn -0.9518 -0.0000 0.3066
vn -0.8793 -0.0000 0.4763
vn -0.7768 -0.0000 0.6298
vn -0.6478 -0.0000 0.7618
vn -0.4968 -0.0000 0.8679
vn -0.3289 -0.0000 0.9444
vn -0.1498 -0.0000 0.9887
vn 0.0345 -0.0000 0.9994
vn 0.2175 -0.0000 0.9761
vn 0.3932 -0.0000 0.9195
vn 0.5554 -0.0000 0.8316
vn 0.6988 -0.0000 0.7153
vn -0.0000 -1.0000 -0.0003
vn -0.5798 -0.7058 -0.4070
vn -0.5799 -0.7056 -0.4073
vn -0.5793 -0.7089 -0.4024
vn -0.5793 -0.7091 -0.4019
vn -0.6435 -0.7124 -0.2799
vn -0.6477 -0.7024 -0.2952
vn -0.6831 -0.7151 -0.1484
vn -0.6936 -0.6996 -0.1717
vn -0.6965 -0.7174 -0.0122
vn -0.7158 -0.6971 -0.0415
vn -0.6837 -0.7192 0.1236
vn -0.7131 -0.6951 0.0910
vn -0.6451 -0.7206 0.2541
vn -0.6857 -0.6936 0.2209
vn -0.5824 -0.7215 0.3746
vn -0.6344 -0.6925 0.3437
vn -0.4978 -0.7219 0.4806
vn -0.5609 -0.6918 0.4547
vn -0.3945 -0.7219 0.5686
vn -0.4679 -0.6915 0.5503
vn -0.2761 -0.7215 0.6350
vn -0.3588 -0.6918 0.6267
vn -0.1472 -0.7206 0.6776
vn -0.2373 -0.6924 0.6813
vn -0.0122 -0.7192 0.6947
vn -0.1079 -0.6936 0.7123
vn 0.0248 -0.6951 0.7184
vn 0.1239 -0.7174 0.6855
vn 0.1559 -0.6971 0.6998
vn 0.2562 -0.7152 0.6503
vn 0.2809 -0.6996 0.6570
vn 0.3796 -0.7124 0.5902
vn 0.3953 -0.7024 0.5919
vn 0.4902 -0.7089 0.5071
vn 0.4948 -0.7058 0.5070
vn 0.4897 -0.7092 0.5072
vn 0.4952 -0.7056 0.5069
vn 0.6579 -0.7058 -0.2627
vn 0.6538 -0.7088 -0.2648
vn 0.6534 -0.7092 -0.2648
vn 0.6582 -0.7056 -0.2624
vn 0.5864 -0.7124 -0.3854
vn 0.6015 -0.7024 -0.3806
vn 0.4980 -0.7152 -0.4905
vn 0.5234 -0.6996 -0.4865
vn 0.3914 -0.7174 -0.5763
vn 0.4265 -0.6971 -0.5763
vn 0.2708 -0.7192 -0.6398
vn 0.3142 -0.6951 -0.6466
vn 0.1405 -0.7206 -0.6790
vn 0.1904 -0.6936 -0.6948
vn 0.0053 -0.7214 -0.6925
vn 0.0596 -0.6924 -0.7190
vn -0.1298 -0.7219 -0.6797
vn -0.0736 -0.6918 -0.7184
vn -0.2600 -0.7219 -0.6414
vn -0.2044 -0.6915 -0.6928
vn -0.3803 -0.7214 -0.5787
vn -0.3281 -0.6918 -0.6433
vn -0.4865 -0.7206 -0.4940
vn -0.4403 -0.6924 -0.5715
vn -0.5747 -0.7192 -0.3904
vn -0.5371 -0.6936 -0.4801
vn -0.6148 -0.6951 -0.3725
vn -0.6415 -0.7174 -0.2715
vn -0.6710 -0.6971 -0.2525
vn -0.6845 -0.7152 -0.1416
vn -0.7036 -0.6996 -0.1245
vn -0.7017 -0.7124 -0.0054
vn -0.7118 -0.7024 0.0070
vn -0.6929 -0.7088 0.1325
vn -0.6951 -0.7058 0.1366
vn -0.6925 -0.7092 0.1323
vn -0.6952 -0.7056 0.1369
vn 0.9289 -0.0000 -0.3703
vn 0.8451 -0.0000 -0.5347
vn 0.7324 -0.0000 -0.6808
vn 0.5949 -0.0000 -0.8038
vn 0.4370 -0.0000 -0.8994
vn 0.2643 -0.0000 -0.9644
vn 0.0826 -0.0000 -0.9966
vn -0.1019 -0.0000 -0.9948
vn -0.2830 -0.0000 -0.9591
vn -0.4544 -0.0000 -0.8908
vn -0.6103 -0.0000 -0.7921
vn -0.7455 -0.0000 -0.6665
vn -0.8553 -0.0000 -0.5182
vn -0.9359 -0.0000 -0.3522
vn -0.9847 -0.0000 -0.1742
vn -1.0000 -0.0000 0.0098
vn -0.9812 -0.0000 0.1932
vn 0.9365 -0.0000 -0.3507
vn 0.8770 -0.0000 -0.4804
vn 0.7998 -0.0000 -0.6003
vn 0.7062 -0.0000 -0.7080
vn 0.5982 -0.0000 -0.8013
vn 0.4781 -0.0000 -0.8783
vn 0.3482 -0.0000 -0.9374
vn 0.2113 -0.0000 -0.9774
vn 0.0700 -0.0000 -0.9975
vn -0.0726 -0.0000 -0.9974
vn -0.2138 -0.0000 -0.9769
vn -0.4804 -0.0000 -0.8770
vn -0.3507 -0.0000 -0.9365
vn -0.6003 -0.0000 -0.7998
vn -0.7080 -0.0000 -0.7062
vn -0.8013 -0.0000 -0.5982
vn -0.8783 -0.0000 -0.4781
vn -0.9374 -0.0000 -0.3483
vn -0.9774 -0.0000 -0.2113
vn -0.9974 -0.0000 0.0726
vn -0.9975 -0.0000 -0.0700
vn -0.9769 -0.0000 0.2138
vn -0.9365 -0.0000 0.3507
vn -0.7998 -0.0000 0.6003
vn -0.8770 -0.0000 0.4804
vn -0.7062 -0.0000 0.7080
vn -0.5982 -0.0000 0.8013
vn -0.4781 -0.0000 0.8783
vn -0.3482 -0.0000 0.9374
vn -0.2113 -0.0000 0.9774
vn -0.0700 -0.0000 0.9975
vn 0.0726 -0.0000 0.9974
vn 0.2138 -0.0000 0.9769
vn 0.3507 -0.0000 0.9365
vn 0.4804 -0.0000 0.8770
vn 0.6003 -0.0000 0.7998
vn 0.7080 -0.0000 0.7062
vn 0.8013 -0.0000 0.5982
vn 0.8783 -0.0000 0.4781
vn 0.9374 -0.0000 0.3483
vn 0.9774 -0.0000 0.2113
vn 0.9974 -0.0000 -0.0726
vn 0.9975 -0.0000 0.0700
vn 0.9769 -0.0000 -0.2138
vn -0.0000 1.0000 0.0002
vn -0.9289 -0.0000 0.3703
vn -0.8451 -0.0000 0.5347
vn -0.7324 -0.0000 0.6808
vn -0.5948 -0.0000 0.8039
vn -0.4371 -0.0000 0.8994
vn -0.2643 -0.0000 0.9644
vn -0.0826 -0.0000 0.9966
vn 0.1019 -0.0000 0.9948
vn 0.2830 -0.0000 0.9591
vn 0.4544 -0.0000 0.8908
vn 0.6103 -0.0000 0.7921
vn 0.7455 -0.0000 0.6665
vn 0.8553 -0.0000 0.5182
vn 0.9359 -0.0000 0.3522
vn 0.9847 -0.0000 0.1742
vn 1.0000 -0.0000 -0.0098
vn 0.9812 -0.0000 -0.1932
vn -0.0000 -1.0000 0.0003
vn -0.0000 -1.0000 -0.0002
vn -0.6579 -0.7060 0.2623
vn -0.6582 -0.7056 0.2624
vn -0.6537 -0.7090 0.2645
vn -0.6534 -0.7092 0.2648
vn -0.5864 -0.7124 0.3854
vn -0.6015 -0.7024 0.3806
vn -0.4980 -0.7152 0.4904
vn -0.5234 -0.6996 0.4865
vn -0.3914 -0.7174 0.5763
vn -0.4265 -0.6971 0.5763
vn -0.2708 -0.7192 0.6398
vn -0.3142 -0.6951 0.6466
vn -0.1405 -0.7206 0.6790
vn -0.1904 -0.6936 0.6948
vn -0.0053 -0.7214 0.6925
vn -0.0596 -0.6924 0.7190
vn 0.1298 -0.7219 0.6797
vn 0.0736 -0.6918 0.7184
vn 0.2599 -0.7219 0.6414
vn 0.2044 -0.6915 0.6928
vn 0.3803 -0.7214 0.5787
vn 0.3281 -0.6918 0.6433
vn 0.4865 -0.7206 0.4940
vn 0.4403 -0.6924 0.5715
vn 0.5747 -0.7192 0.3904
vn 0.5371 -0.6936 0.4801
vn 0.6148 -0.6951 0.3725
vn 0.6415 -0.7174 0.2715
vn 0.6710 -0.6971 0.2525
vn 0.6845 -0.7152 0.1416
vn 0.7036 -0.6996 0.1245
vn 0.7017 -0.7124 0.0053
vn 0.7118 -0.7024 -0.0070
vn 0.6927 -0.7089 -0.1327
vn 0.6951 -0.7058 -0.1365
vn 0.6925 -0.7092 -0.1322
vn 0.6952 -0.7056 -0.1369
s 1
f 1//1 2//1 3//1
f 4//1 2//1 1//1
f 2//1 5//1 3//1
f 5//1 6//1 7//1
f 2//1 8//1 5//1
f 5//1 8//1 6//1
f 9//1 10//1 11//1
f 12//1 10//1 9//1
f 13//1 10//1 12//1
f 10//1 14//1 11//1
f 14//1 15//1 11//1
f 16//1 17//1 10//1
f 10//1 17//1 14//1
f 14//1 18//1 15//1
f 14//1 19//1 18//1
f 14//1 20//1 19//1
f 21//2 22//2 23//2
f 21//2 24//2 22//2
f 21//2 25//2 24//2
f 26//2 27//2 28//2
f 26//2 28//2 29//2
f 26//2 29//2 30//2
f 26//2 30//2 31//2
f 26//2 31//2 32//2
f 33//2 23//2 34//2
f 33//2 34//2 35//2
f 33//2 21//2 23//2
f 36//2 37//2 21//2
f 36//2 21//2 33//2
f 38//2 35//2 39//2
f 38//2 39//2 27//2
f 38//2 27//2 26//2
f 40//2 33//2 35//2
f 40//2 35//2 38//2
f 41//2 42//2 43//2
f 44//2 41//2 43//2
f 45//2 46//2 47//2
f 45//2 48//2 46//2
f 45//2 43//2 48//2
f 45//2 44//2 43//2
f 49//2 50//2 45//2
f 49//2 45//2 47//2
f 51//2 50//2 49//2
f 52//3 51//2 49//2
f 53//4 52//3 49//2
f 54//4 53//4 49//2
f 5//5 48//5 3//5
f 3//5 48//5 43//5
f 17//6 16//6 37//6
f 36//6 17//6 37//6
f 55//6 56//6 57//6
f 56//6 58//6 57//6
f 58//6 59//6 57//6
f 59//6 60//6 57//6
f 60//6 61//7 57//6
f 61//7 62//6 57//6
f 57//6 63//6 23//6
f 62//6 63//6 57//6
f 63//6 34//6 23//6
f 63//6 64//6 34//6
f 65//5 66//5 45//5
f 45//5 66//5 44//5
f 66//5 67//5 44//5
f 66//5 68//5 67//5
f 68//5 69//5 67//5
f 67//5 70//5 71//5
f 69//5 72//5 67//5
f 67//5 73//5 70//5
f 72//5 73//5 67//5
f 74//2 75//2 76//8
f 75//2 65//2 77//2
f 78//2 65//2 74//2
f 79//2 65//2 78//2
f 74//2 65//2 75//2
f 80//2 81//2 82//2
f 81//2 83//2 82//2
f 84//2 85//8 83//2
f 86//2 85//8 84//2
f 83//2 87//2 82//2
f 85//8 87//2 83//2
f 82//2 64//2 88//2
f 88//2 64//2 79//2
f 79//2 64//2 65//2
f 87//2 64//2 82//2
f 64//2 66//2 65//2
f 89//3 63//2 90//8
f 91//8 63//2 89//3
f 66//2 63//2 91//8
f 64//2 63//2 66//2
f 92//5 8//5 93//5
f 93//5 8//5 2//5
f 11//6 94//6 95//6
f 11//6 15//6 94//6
f 96//1 97//1 98//1
f 99//1 100//1 97//1
f 97//1 100//1 98//1
f 101//1 102//1 103//1
f 101//1 104//1 102//1
f 98//1 105//1 101//1
f 100//1 105//1 98//1
f 101//1 105//1 104//1
f 1//9 3//9 43//9
f 1//9 43//9 42//9
f 4//10 42//10 41//10
f 4//10 1//10 42//10
f 106//11 44//12 67//13
f 2//14 41//14 44//14
f 2//14 4//14 41//14
f 98//15 93//15 2//15
f 96//16 106//17 107//18
f 96//19 44//12 106//11
f 96//19 2//20 44//12
f 96//19 98//21 2//20
f 97//22 96//16 107//18
f 23//23 108//24 57//25
f 99//26 107//27 108//28
f 99//26 97//29 107//27
f 99//30 108//24 23//23
f 11//31 99//30 23//23
f 100//32 99//30 11//31
f 95//33 100//33 11//33
f 9//34 23//34 22//34
f 9//35 22//35 24//35
f 9//34 11//34 23//34
f 12//35 9//35 24//35
f 13//36 24//36 25//36
f 13//36 12//36 24//36
f 19//37 20//37 40//37
f 19//38 40//38 38//38
f 18//39 19//39 38//39
f 15//40 38//40 26//40
f 15//41 18//41 38//41
f 105//42 94//42 15//42
f 88//43 32//44 82//45
f 104//46 26//46 32//46
f 104//47 15//48 26//49
f 104//47 105//50 15//48
f 102//51 88//52 79//53
f 102//44 32//44 88//43
f 102//54 104//54 32//54
f 54//55 79//56 78//57
f 103//58 102//51 79//53
f 103//59 79//56 54//55
f 8//60 54//60 49//60
f 8//61 103//62 54//63
f 101//64 103//62 8//61
f 92//65 101//65 8//65
f 6//66 49//66 47//66
f 6//67 8//67 49//67
f 7//68 47//69 46//70
f 7//68 6//71 47//69
f 5//72 46//73 48//74
f 5//72 7//75 46//73
f 109//76 68//77 66//78
f 109//79 69//80 68//81
f 110//82 66//78 91//83
f 110//82 109//76 66//78
f 111//84 72//85 69//86
f 111//87 69//80 109//79
f 111//87 109//79 110//88
f 112//89 72//85 111//84
f 113//90 73//90 72//90
f 113//91 70//91 73//91
f 113//92 72//92 112//92
f 114//93 110//82 91//83
f 115//94 110//88 114//94
f 115//94 111//87 110//88
f 116//95 111//96 115//95
f 116//95 112//96 111//96
f 117//97 91//83 89//98
f 117//97 114//93 91//83
f 118//99 112//99 116//99
f 118//100 70//101 113//102
f 118//99 113//99 112//99
f 119//103 116//103 115//103
f 119//104 114//104 117//104
f 119//104 115//104 114//104
f 120//105 71//105 70//105
f 120//106 70//101 118//100
f 121//103 116//103 119//103
f 122//107 67//107 71//107
f 122//108 106//108 67//108
f 122//109 71//109 120//109
f 123//110 116//110 121//110
f 123//110 118//110 116//110
f 124//111 118//112 123//113
f 124//111 120//112 118//112
f 125//114 106//114 122//114
f 125//115 122//116 120//116
f 125//115 120//116 124//115
f 126//117 117//97 89//98
f 127//118 119//119 117//119
f 127//118 117//119 126//118
f 128//120 89//98 90//121
f 128//120 126//117 89//98
f 129//122 121//123 119//123
f 129//122 119//123 127//122
f 130//124 126//124 128//124
f 130//124 127//124 126//124
f 131//125 121//126 129//125
f 131//125 123//126 121//126
f 132//127 127//127 130//127
f 132//127 129//127 127//127
f 132//128 131//128 129//128
f 133//129 123//130 131//129
f 133//129 124//131 123//130
f 134//128 131//128 132//128
f 135//132 124//133 133//132
f 135//134 107//134 106//134
f 135//135 106//135 125//135
f 135//132 125//133 124//133
f 136//136 133//137 131//136
f 136//136 131//136 134//138
f 137//139 133//139 136//139
f 137//140 107//140 135//140
f 137//139 135//139 133//139
f 138//141 128//120 90//121
f 139//142 130//143 128//143
f 139//142 128//143 138//142
f 140//144 90//121 63//145
f 140//144 138//141 90//121
f 141//146 130//147 139//146
f 141//146 132//147 130//147
f 142//148 139//148 138//148
f 142//148 138//148 140//149
f 143//150 134//150 132//150
f 143//150 132//150 141//150
f 144//151 141//152 139//151
f 144//151 139//151 142//151
f 145//153 136//153 134//153
f 145//153 134//153 143//153
f 146//154 143//154 141//154
f 146//154 141//154 144//155
f 147//156 108//156 107//156
f 147//157 137//157 136//157
f 147//158 107//158 137//158
f 147//157 136//157 145//157
f 148//159 143//159 146//159
f 148//159 145//159 143//159
f 148//160 147//160 145//161
f 149//160 147//160 148//160
f 149//162 108//162 147//162
f 150//163 62//163 61//163
f 150//164 63//164 62//164
f 150//165 140//144 63//145
f 151//166 61//166 60//166
f 151//167 150//167 61//167
f 151//168 142//168 140//168
f 151//169 144//170 142//170
f 151//168 140//168 150//168
f 152//171 60//171 59//171
f 152//172 146//172 144//172
f 152//173 151//169 60//174
f 152//173 144//170 151//169
f 153//175 59//176 58//177
f 153//172 146//172 152//172
f 153//175 152//178 59//176
f 154//179 58//180 56//179
f 154//179 153//180 58//180
f 154//181 146//181 153//181
f 154//181 148//181 146//181
f 155//182 55//182 57//182
f 155//183 56//183 55//183
f 155//184 57//184 108//184
f 155//185 149//186 148//186
f 155//187 108//187 149//187
f 155//183 154//188 56//183
f 155//185 148//186 154//185
f 35//189 64//189 87//189
f 35//189 34//189 64//189
f 39//190 87//190 85//190
f 39//190 35//190 87//190
f 27//191 85//191 86//191
f 27//191 39//191 85//191
f 28//192 86//192 84//192
f 28//192 27//192 86//192
f 29//193 84//193 83//193
f 29//193 28//193 84//193
f 30//194 83//194 81//194
f 30//194 29//194 83//194
f 31//195 81//195 80//195
f 31//195 30//195 81//195
f 32//196 80//196 82//196
f 32//196 31//196 80//196
f 53//197 54//197 78//197
f 53//197 78//197 74//197
f 52//198 76//198 75//198
f 52//199 74//199 76//199
f 52//199 53//199 74//199
f 51//198 52//198 75//198
f 50//200 75//200 77//200
f 50//200 51//200 75//200
f 45//201 77//201 65//201
f 45//201 50//201 77//201
f 92//202 98//202 101//202
f 92//202 93//202 98//202
f 100//203 94//203 105//203
f 95//203 94//203 100//203
f 17//204 36//204 14//204
f 14//204 36//204 33//204
f 40//6 20//6 33//6
f 33//6 20//6 14//6
f 37//205 16//205 21//205
f 21//205 16//205 10//205
f 21//6 10//6 25//6
f 25//6 10//6 13//6
f 156//206 157//207 158//206
f 158//208 159//209 160//210
f 157//207 159//207 158//206
f 160//211 161//212 162//212
f 159//209 161//209 160//210
f 162//213 163//213 164//213
f 161//212 163//214 162//212
f 164//215 165//215 166//215
f 163//213 165//213 164//213
f 165//215 167//215 166//215
f 166//216 168//216 169//217
f 169//218 168//218 170//218
f 167//219 168//216 166//216
f 170//220 171//221 172//221
f 168//218 171//218 170//218
f 171//221 173//221 172//221
f 172//222 174//222 175//222
f 175//223 174//223 176//223
f 173//222 174//222 172//222
f 174//223 177//223 176//223
f 176//224 178//224 179//225
f 177//226 178//224 176//224
f 179//227 180//227 181//228
f 178//227 180//227 179//227
f 181//229 182//229 183//229
f 180//229 182//229 181//229
f 156//230 158//230 184//230
f 184//230 158//230 185//230
f 185//231 158//231 186//231
f 158//231 160//231 186//231
f 186//232 162//232 187//232
f 187//233 162//233 188//233
f 160//232 162//232 186//232
f 188//234 164//234 189//234
f 162//233 164//233 188//233
f 189//235 166//235 190//235
f 164//234 166//234 189//234
f 190//204 169//204 191//204
f 166//235 169//235 190//235
f 191//236 170//236 192//236
f 169//204 170//204 191//204
f 170//236 172//236 192//236
f 192//237 175//237 193//237
f 193//238 175//238 194//238
f 172//237 175//237 192//237
f 194//239 176//239 195//239
f 175//238 176//238 194//238
f 176//239 179//239 195//239
f 195//240 181//240 196//240
f 179//240 181//240 195//240
f 196//241 183//241 197//241
f 181//241 183//241 196//241
f 198//241 199//241 200//241
f 200//241 199//241 201//241
f 201//240 202//240 203//240
f 199//240 202//240 201//240
f 203//239 204//239 205//239
f 202//239 204//239 203//239
f 205//238 206//238 207//238
f 204//238 206//238 205//238
f 207//237 208//237 209//237
f 206//237 208//237 207//237
f 209//236 210//236 211//236
f 208//236 210//236 209//236
f 211//204 212//204 213//204
f 213//235 212//235 214//235
f 210//204 212//204 211//204
f 214//234 215//234 216//234
f 212//235 215//235 214//235
f 215//234 217//234 216//234
f 216//233 218//233 219//233
f 217//233 218//233 216//233
f 219//232 220//232 221//232
f 218//232 220//232 219//232
f 221//231 222//231 223//231
f 220//231 222//231 221//231
f 223//242 224//242 225//242
f 222//242 224//242 223//242
f 226//241 227//241 228//241
f 228//241 227//241 229//241
f 229//240 230//240 231//240
f 227//240 230//240 229//240
f 231//239 232//239 233//239
f 230//239 232//239 231//239
f 233//238 234//238 235//238
f 232//238 234//238 233//238
f 235//237 236//237 237//237
f 234//237 236//237 235//237
f 237//236 238//236 239//236
f 236//236 238//236 237//236
f 239//204 240//204 241//204
f 241//235 240//235 242//235
f 238//204 240//204 239//204
f 242//234 243//234 244//234
f 240//235 243//235 242//235
f 243//234 245//234 244//234
f 244//233 246//233 247//233
f 245//233 246//233 244//233
f 247//232 248//232 249//232
f 246//232 248//232 247//232
f 249//231 250//231 251//231
f 248//231 250//231 249//231
f 251//242 252//242 253//242
f 250//242 252//242 251//242
f 254//242 255//242 256//242
f 257//231 255//231 258//231
f 256//242 255//242 257//242
f 255//231 259//231 258//231
f 258//232 260//232 261//232
f 259//232 260//232 258//232
f 261//233 262//233 263//233
f 260//233 262//233 261//233
f 263//243 264//243 265//243
f 262//243 264//243 263//243
f 265//235 266//235 267//235
f 264//235 266//235 265//235
f 267//204 268//204 269//204
f 266//204 268//204 267//204
f 270//244 271//244 272//244
f 269//236 271//236 270//236
f 268//236 271//236 269//236
f 271//244 273//244 272//244
f 274//239 275//239 276//239
f 272//238 275//238 274//238
f 273//238 275//238 272//238
f 275//239 277//239 276//239
f 276//240 278//240 279//240
f 277//240 278//240 276//240
f 279//241 280//241 281//241
f 278//241 280//241 279//241
f 282//242 283//242 284//242
f 284//242 283//242 285//242
f 285//231 286//231 287//231
f 283//231 286//231 285//231
f 287//232 288//232 289//232
f 286//232 288//232 287//232
f 289//233 290//233 291//233
f 288//233 290//233 289//233
f 291//243 292//243 293//243
f 290//243 292//243 291//243
f 293//235 294//235 295//235
f 292//235 294//235 293//235
f 295//204 296//204 297//204
f 294//204 296//204 295//204
f 297//236 298//236 299//236
f 296//236 298//236 297//236
f 299//244 300//244 301//244
f 298//244 300//244 299//244
f 301//238 302//238 303//238
f 300//238 302//238 301//238
f 303//239 304//239 305//239
f 302//239 304//239 303//239
f 305//240 306//240 307//240
f 304//240 306//240 305//240
f 307//241 308//241 309//241
f 306//241 308//241 307//241
f 310//205 311//205 312//205
f 312//205 313//205 310//205
f 310//205 314//205 311//205
f 313//205 315//205 310//205
f 310//205 316//205 314//205
f 310//205 317//205 316//205
f 318//205 319//245 320//246
f 321//205 319//245 318//205
f 322//205 319//245 321//205
f 322//205 323//205 319//245
f 323//205 324//205 319//245
f 324//205 325//205 319//245
f 326//205 327//205 328//205
f 328//205 327//205 329//205
f 327//205 330//205 329//205
f 327//205 331//205 330//205
f 331//205 332//205 330//205
f 332//205 333//205 334//205
f 331//205 333//205 332//205
f 334//205 335//205 336//205
f 333//205 335//205 334//205
f 335//205 337//205 336//205
f 336//205 337//205 338//205
f 337//205 339//205 338//205
f 338//205 339//205 340//205
f 340//205 339//205 341//205
f 341//205 342//205 343//205
f 339//205 342//205 341//205
f 342//205 344//205 343//205
f 343//205 344//205 345//205
f 346//205 347//205 348//205
f 348//205 347//205 349//205
f 349//205 347//205 350//205
f 344//205 351//205 345//205
f 346//205 351//205 347//205
f 345//205 351//205 346//205
f 347//205 319//245 350//205
f 350//205 319//245 325//205
f 310//205 327//205 317//205
f 317//205 327//205 326//205
f 352//247 353//247 354//247
f 352//248 354//248 355//248
f 356//249 355//249 357//249
f 356//250 352//250 355//250
f 358//251 357//251 359//251
f 358//252 356//252 357//252
f 360//253 359//253 361//253
f 360//254 358//254 359//254
f 362//255 361//255 363//255
f 362//256 360//256 361//256
f 364//257 365//257 310//257
f 366//258 365//258 364//258
f 367//259 364//259 310//259
f 315//260 367//260 310//260
f 368//261 363//261 365//261
f 368//262 362//262 363//262
f 369//263 368//263 365//263
f 370//264 369//265 365//266
f 370//264 365//266 366//267
f 371//268 369//269 370//270
f 319//271 371//271 372//271
f 319//245 372//272 320//246
f 319//273 369//269 371//268
f 373//1 275//1 374//1
f 275//1 273//1 374//1
f 373//1 277//1 275//1
f 374//1 271//1 375//1
f 273//1 271//1 374//1
f 373//1 278//1 277//1
f 375//1 268//1 376//1
f 271//1 268//1 375//1
f 373//1 280//1 278//1
f 377//1 266//1 378//1
f 376//1 266//1 377//1
f 268//1 266//1 376//1
f 373//1 379//1 280//1
f 378//1 264//1 380//1
f 266//1 264//1 378//1
f 380//1 262//1 381//1
f 264//1 262//1 380//1
f 262//1 260//1 381//1
f 260//1 259//1 381//1
f 259//1 255//1 381//1
f 255//1 254//1 381//1
f 382//1 177//1 383//1
f 177//1 174//1 383//1
f 383//1 174//1 384//1
f 382//1 178//1 177//1
f 385//1 178//1 382//1
f 174//1 173//1 384//1
f 384//1 173//1 386//1
f 373//1 180//1 379//1
f 385//1 180//1 178//1
f 379//1 180//1 385//1
f 173//1 171//1 386//1
f 373//1 182//1 180//1
f 171//1 168//1 386//1
f 386//1 168//1 387//1
f 387//1 167//1 388//1
f 168//1 167//1 387//1
f 388//1 165//1 389//1
f 167//1 165//1 388//1
f 389//1 163//1 390//1
f 165//1 163//1 389//1
f 163//1 161//1 390//1
f 390//1 161//1 391//1
f 161//1 159//1 391//1
f 391//1 159//1 392//1
f 159//1 157//1 392//1
f 393//1 302//1 394//1
f 302//1 300//1 394//1
f 394//1 300//1 395//1
f 393//1 304//1 302//1
f 396//1 304//1 393//1
f 300//1 298//1 395//1
f 395//1 298//1 397//1
f 396//1 306//1 304//1
f 298//1 296//1 397//1
f 397//1 296//1 398//1
f 399//1 294//1 400//1
f 398//1 294//1 399//1
f 296//1 294//1 398//1
f 396//1 401//1 306//1
f 182//1 401//1 396//1
f 306//1 401//1 308//1
f 373//1 401//1 182//1
f 401//1 402//1 308//1
f 400//1 292//1 403//1
f 294//1 292//1 400//1
f 401//1 404//1 402//1
f 403//1 290//1 405//1
f 292//1 290//1 403//1
f 401//1 406//1 404//1
f 407//1 406//1 401//1
f 408//1 406//1 407//1
f 408//1 409//1 406//1
f 405//1 288//1 410//1
f 290//1 288//1 405//1
f 409//1 411//1 406//1
f 409//1 412//1 411//1
f 410//1 286//1 413//1
f 288//1 286//1 410//1
f 412//1 414//1 411//1
f 286//1 283//1 413//1
f 414//1 415//1 411//1
f 415//1 416//1 411//1
f 411//1 417//1 418//1
f 416//1 417//1 411//1
f 418//1 419//1 420//1
f 417//1 419//1 418//1
f 413//1 421//1 157//1
f 422//1 421//1 282//1
f 423//1 421//1 422//1
f 283//1 421//1 413//1
f 282//1 421//1 283//1
f 424//1 425//1 426//1
f 420//1 425//1 424//1
f 419//1 425//1 420//1
f 423//1 427//1 421//1
f 428//1 427//1 423//1
f 426//1 429//1 430//1
f 425//1 429//1 426//1
f 428//1 431//1 427//1
f 429//1 432//1 430//1
f 432//1 433//1 430//1
f 430//1 433//1 428//1
f 428//1 433//1 431//1
f 421//1 381//1 254//1
f 421//1 254//1 392//1
f 421//1 392//1 157//1
f 381//6 434//6 435//6
f 381//6 421//6 434//6
f 401//5 373//5 436//5
f 436//5 373//5 437//5
f 438//204 439//204 440//204
f 439//204 441//204 440//204
f 438//204 442//204 439//204
f 442//204 443//204 439//204
f 444//2 445//2 446//2
f 447//2 448//8 449//4
f 450//3 451//2 447//2
f 452//3 451//2 450//3
f 446//2 451//2 452//3
f 445//2 451//2 446//2
f 447//2 451//2 448//8
f 445//2 453//2 451//2
f 445//2 454//2 453//2
f 454//2 455//2 453//2
f 309//274 308//274 456//274
f 456//275 402//275 457//275
f 308//274 402//274 456//274
f 457//276 404//276 458//276
f 402//275 404//275 457//275
f 458//277 406//278 459//277
f 404//276 406//276 458//276
f 459//279 411//279 460//279
f 406//278 411//278 459//277
f 460//280 418//280 461//280
f 411//279 418//279 460//279
f 461//205 420//205 462//205
f 418//280 420//280 461//280
f 420//205 424//205 462//205
f 463//281 426//281 464//281
f 462//282 426//282 463//282
f 424//282 426//282 462//282
f 426//281 430//281 464//281
f 465//283 428//283 466//283
f 464//284 428//285 465//284
f 430//285 428//285 464//284
f 466//286 423//286 467//286
f 428//283 423//283 466//283
f 423//286 422//286 467//286
f 467//287 282//287 284//287
f 422//287 282//287 467//287
f 280//274 379//274 281//274
f 281//274 379//274 468//274
f 468//275 385//275 469//275
f 379//275 385//275 468//275
f 469//276 382//276 470//276
f 385//276 382//276 469//276
f 470//278 383//278 471//278
f 382//278 383//278 470//278
f 471//288 384//288 472//288
f 383//288 384//288 471//288
f 472//280 386//280 473//280
f 384//280 386//280 472//280
f 473//205 387//205 474//205
f 386//205 387//205 473//205
f 474//282 388//282 475//282
f 387//282 388//282 474//282
f 475//289 389//289 476//289
f 388//289 389//289 475//289
f 476//285 390//285 477//285
f 389//285 390//285 476//285
f 477//283 391//283 478//283
f 390//283 391//283 477//283
f 478//286 392//286 479//286
f 391//286 392//286 478//286
f 479//287 254//287 256//287
f 392//287 254//287 479//287
f 232//2 480//2 481//2
f 234//8 232//2 481//2
f 230//2 482//2 480//2
f 230//2 480//2 232//2
f 236//2 481//2 483//2
f 236//2 234//8 481//2
f 227//2 484//2 485//2
f 227//2 485//2 486//2
f 227//2 486//2 482//2
f 227//2 482//2 230//2
f 238//2 483//2 487//2
f 238//2 236//2 483//2
f 226//2 488//2 489//2
f 226//2 489//2 484//2
f 226//2 484//2 227//2
f 240//2 238//2 487//2
f 240//2 487//2 490//2
f 491//2 488//2 226//2
f 243//2 490//2 492//2
f 243//2 240//2 490//2
f 493//2 243//2 492//2
f 494//2 488//2 491//2
f 245//2 243//2 493//2
f 495//2 245//2 493//2
f 246//2 245//2 495//2
f 496//2 246//2 495//2
f 248//2 246//2 496//2
f 497//2 248//2 496//2
f 498//2 248//2 497//2
f 498//2 250//2 248//2
f 499//2 250//2 498//2
f 499//2 252//2 250//2
f 500//2 252//2 499//2
f 206//2 501//2 502//2
f 206//2 204//2 501//2
f 202//2 488//2 494//2
f 202//2 494//2 501//2
f 202//2 501//2 204//2
f 503//2 500//2 499//2
f 208//2 502//2 504//2
f 208//2 206//2 502//2
f 199//2 488//2 202//2
f 210//2 504//2 505//2
f 210//2 208//2 504//2
f 212//2 505//2 506//2
f 212//2 210//2 505//2
f 215//2 506//2 507//2
f 215//2 212//2 506//2
f 217//2 508//2 509//2
f 217//2 507//2 508//2
f 217//2 215//2 507//2
f 510//2 511//2 512//2
f 513//2 510//2 512//2
f 218//2 217//2 509//2
f 514//2 510//2 513//2
f 220//2 509//2 503//2
f 220//2 503//2 499//2
f 220//2 218//2 509//2
f 515//2 516//2 510//2
f 515//2 510//2 514//2
f 517//2 518//2 224//2
f 517//2 222//2 220//2
f 517//2 224//2 222//2
f 517//2 220//2 499//2
f 519//2 516//2 515//2
f 519//2 520//2 521//2
f 519//2 515//2 520//2
f 522//2 518//2 517//2
f 522//2 523//2 518//2
f 524//2 519//2 521//2
f 524//2 521//2 525//2
f 526//2 523//2 522//2
f 527//2 525//2 528//2
f 527//2 524//2 525//2
f 529//2 530//2 523//2
f 529//2 523//2 526//2
f 531//2 527//2 528//2
f 531//2 528//2 530//2
f 531//2 530//2 529//2
f 510//2 488//2 198//2
f 198//2 488//2 199//2
f 510//2 198//2 511//2
f 532//5 533//5 534//5
f 535//5 533//5 532//5
f 536//6 537//6 538//6
f 539//6 537//6 536//6
f 540//6 537//6 539//6
f 541//6 537//6 540//6
f 542//6 537//6 541//6
f 537//6 543//6 538//6
f 537//6 544//6 543//6
f 537//6 545//6 544//6
f 546//6 547//6 548//6
f 549//6 550//6 537//6
f 551//6 550//6 547//6
f 552//6 550//6 551//6
f 553//6 550//6 552//6
f 554//6 550//6 553//6
f 555//6 550//6 554//6
f 556//6 550//6 555//6
f 545//6 550//6 556//6
f 537//6 550//6 545//6
f 557//6 558//6 559//6
f 550//6 558//6 557//6
f 549//6 558//6 550//6
f 550//6 548//6 547//6
f 437//290 373//290 560//290
f 374//291 561//291 373//290
f 561//291 562//291 373//290
f 373//290 562//291 560//290
f 563//291 564//291 562//291
f 562//291 564//291 560//290
f 564//291 565//291 560//290
f 565//291 546//291 560//290
f 565//291 566//290 546//291
f 566//290 567//290 546//291
f 567//290 568//291 546//291
f 568//291 569//291 546//291
f 569//291 570//290 546//291
f 570//290 571//291 546//291
f 571//291 572//291 546//291
f 573//290 547//290 574//290
f 575//290 547//290 572//291
f 574//290 547//290 575//290
f 572//291 547//290 546//291
f 252//287 500//287 253//287
f 253//287 500//287 576//287
f 576//286 503//286 577//286
f 500//286 503//286 576//286
f 577//292 509//292 578//292
f 503//292 509//292 577//292
f 578//285 508//285 579//285
f 509//285 508//285 578//285
f 579//281 507//281 580//281
f 508//281 507//281 579//281
f 580//282 506//282 581//282
f 507//282 506//282 580//282
f 581//205 505//205 582//205
f 506//205 505//205 581//205
f 582//280 504//280 583//280
f 505//280 504//280 582//280
f 583//279 502//279 584//279
f 584//278 502//278 585//278
f 504//279 502//279 583//279
f 585//276 501//276 586//276
f 502//278 501//278 585//278
f 501//276 494//276 586//276
f 586//275 491//275 587//275
f 587//274 491//274 228//274
f 494//275 491//275 586//275
f 491//274 226//274 228//274
f 274//2 231//2 233//2
f 272//2 233//2 235//2
f 272//2 274//2 233//2
f 276//2 229//2 231//2
f 276//2 231//2 274//2
f 270//2 235//2 237//2
f 270//2 272//2 235//2
f 279//2 229//2 276//2
f 269//2 237//2 239//2
f 269//2 270//2 237//2
f 281//2 228//2 229//2
f 281//2 229//2 279//2
f 267//2 239//2 241//2
f 267//2 269//2 239//2
f 468//2 587//2 228//2
f 468//2 228//2 281//2
f 265//2 241//2 242//2
f 265//2 267//2 241//2
f 244//2 265//2 242//2
f 469//2 586//2 587//2
f 469//2 587//2 468//2
f 263//2 265//2 244//2
f 470//2 585//2 586//2
f 470//2 586//2 469//2
f 247//2 261//2 263//2
f 247//2 263//2 244//2
f 584//2 585//2 470//2
f 584//2 470//2 471//2
f 472//2 584//2 471//2
f 249//2 258//2 261//2
f 249//2 257//2 258//2
f 249//2 261//2 247//2
f 583//2 584//2 472//2
f 251//2 257//2 249//2
f 251//2 256//2 257//2
f 582//2 583//2 472//2
f 582//2 473//2 474//2
f 582//2 472//2 473//2
f 253//2 256//2 251//2
f 581//2 582//2 474//2
f 581//2 474//2 475//2
f 576//2 479//2 256//2
f 576//2 256//2 253//2
f 580//2 581//2 475//2
f 577//2 479//2 576//2
f 577//2 478//2 479//2
f 579//2 475//2 476//2
f 579//2 580//2 475//2
f 578//2 579//2 476//2
f 578//2 477//2 478//2
f 578//2 476//2 477//2
f 578//2 478//2 577//2
f 224//287 518//287 225//287
f 225//287 518//287 588//287
f 588//286 523//286 589//286
f 518//286 523//286 588//286
f 589//292 530//292 590//292
f 523//292 530//292 589//292
f 590//285 528//285 591//285
f 530//285 528//285 590//285
f 591//281 525//281 592//281
f 528//281 525//281 591//281
f 592//282 521//282 593//282
f 525//282 521//282 592//282
f 593//205 520//205 594//205
f 521//205 520//205 593//205
f 594//280 515//280 595//280
f 520//280 515//280 594//280
f 595//279 514//279 596//279
f 596//278 514//278 597//278
f 515//279 514//279 595//279
f 597//276 513//276 598//276
f 514//278 513//278 597//278
f 513//276 512//276 598//276
f 598//275 511//275 599//275
f 599//274 511//274 200//274
f 512//275 511//275 598//275
f 511//274 198//274 200//274
f 301//2 205//2 207//2
f 301//2 207//2 209//2
f 301//2 303//2 205//2
f 305//2 203//2 205//2
f 305//2 205//2 303//2
f 299//2 301//2 209//2
f 307//2 201//2 203//2
f 307//2 203//2 305//2
f 297//2 209//2 211//2
f 297//2 299//2 209//2
f 309//2 200//2 201//2
f 309//2 201//2 307//2
f 295//2 211//2 213//2
f 295//2 297//2 211//2
f 456//2 598//2 599//2
f 456//2 599//2 200//2
f 456//2 200//2 309//2
f 293//2 213//2 214//2
f 293//2 295//2 213//2
f 457//2 598//2 456//2
f 291//2 214//2 216//2
f 291//2 293//2 214//2
f 597//2 598//2 457//2
f 458//2 597//2 457//2
f 289//2 291//2 216//2
f 219//2 289//2 216//2
f 287//2 289//2 219//2
f 596//2 597//2 458//2
f 596//2 458//2 459//2
f 221//2 287//2 219//2
f 595//2 460//2 461//2
f 595//2 459//2 460//2
f 595//2 596//2 459//2
f 223//2 287//2 221//2
f 223//2 285//2 287//2
f 223//2 284//2 285//2
f 594//2 595//2 461//2
f 225//2 284//2 223//2
f 225//2 467//2 284//2
f 593//2 594//2 461//2
f 593//2 462//2 463//2
f 593//2 461//2 462//2
f 588//2 467//2 225//2
f 592//2 593//2 463//2
f 589//2 466//2 467//2
f 589//2 467//2 588//2
f 591//2 463//2 464//2
f 591//2 592//2 463//2
f 590//2 465//2 466//2
f 590//2 464//2 465//2
f 590//2 466//2 589//2
f 590//2 591//2 464//2
f 600//293 440//293 441//293
f 600//293 441//293 601//293
f 602//294 601//294 603//294
f 602//294 600//294 601//294
f 604//295 603//295 605//295
f 604//295 602//295 603//295
f 606//296 605//296 607//296
f 606//297 607//297 608//297
f 606//296 604//296 605//296
f 609//297 606//297 608//297
f 610//298 608//298 611//298
f 610//298 609//298 608//298
f 532//299 611//299 535//299
f 532//299 610//299 611//299
f 183//274 612//274 197//274
f 197//274 612//274 613//274
f 613//275 614//275 615//275
f 612//275 614//275 613//275
f 615//276 616//276 617//276
f 614//276 616//276 615//276
f 617//278 618//278 619//278
f 616//278 618//278 617//278
f 619//279 620//279 621//279
f 618//279 620//279 619//279
f 621//280 622//280 623//280
f 620//280 622//280 621//280
f 623//205 624//205 625//205
f 622//205 624//205 623//205
f 625//282 626//282 627//282
f 624//282 626//282 625//282
f 627//281 628//281 629//281
f 626//281 628//281 627//281
f 629//285 630//285 631//285
f 628//285 630//285 629//285
f 631//283 632//283 633//283
f 630//283 632//283 631//283
f 633//286 634//286 635//286
f 632//286 634//286 633//286
f 635//300 156//300 184//300
f 634//300 156//300 635//300
f 635//1 184//1 185//1
f 635//1 185//1 186//1
f 194//1 186//1 187//1
f 194//1 187//1 188//1
f 194//1 188//1 189//1
f 194//1 189//1 190//1
f 194//1 190//1 191//1
f 194//1 191//1 192//301
f 194//1 192//301 193//1
f 627//1 629//1 631//1
f 627//1 631//1 633//1
f 196//1 194//1 195//1
f 621//1 623//302 625//1
f 621//1 625//1 627//1
f 615//1 197//1 613//1
f 617//1 619//1 621//1
f 617//1 633//1 635//1
f 617//1 196//1 197//1
f 617//1 635//1 186//1
f 617//1 194//1 196//1
f 617//1 186//1 194//1
f 617//1 627//1 633//1
f 617//1 621//1 627//1
f 617//1 197//1 615//1
f 510//5 636//5 637//5
f 637//5 638//5 510//5
f 510//5 639//5 636//5
f 638//5 640//5 510//5
f 510//5 641//5 639//5
f 640//5 642//5 510//5
f 510//5 643//5 641//5
f 644//5 488//5 642//5
f 642//5 488//5 510//5
f 644//5 645//5 488//5
f 510//5 646//5 643//5
f 510//5 647//5 646//5
f 648//303 649//5 650//304
f 651//5 649//5 648//303
f 651//5 652//5 649//5
f 652//5 653//5 654//5
f 655//5 656//5 657//5
f 657//5 656//5 651//5
f 651//5 656//5 652//5
f 652//5 656//5 653//5
f 658//5 659//5 655//5
f 660//5 659//5 658//5
f 661//5 659//5 660//5
f 662//5 659//5 661//5
f 647//5 659//5 662//5
f 510//5 659//5 647//5
f 655//5 659//5 656//5
f 663//5 664//5 659//5
f 665//5 666//5 664//5
f 659//5 666//5 656//5
f 664//5 666//5 659//5
f 337//2 667//2 339//2
f 668//2 667//2 337//2
f 669//1 670//1 354//1
f 353//1 669//1 354//1
f 543//1 669//1 353//1
f 544//1 669//1 543//1
f 671//205 672//205 673//205
f 673//205 672//205 674//205
f 675//305 549//306 347//306
f 676//307 549//306 675//305
f 677//308 549//306 676//307
f 549//306 319//306 347//306
f 549//306 537//306 319//306
f 319//309 537//309 542//309
f 369//310 542//310 541//310
f 369//311 319//311 542//311
f 368//312 541//312 540//312
f 368//313 369//313 541//313
f 362//314 540//314 539//314
f 362//315 368//315 540//315
f 360//316 539//316 536//316
f 360//317 362//317 539//317
f 358//318 536//318 538//318
f 358//319 360//319 536//319
f 356//320 358//320 538//320
f 352//321 538//321 543//321
f 352//322 356//322 538//322
f 353//323 352//323 543//323
f 534//324 533//325 678//326
f 679//327 678//328 680//329
f 679//330 534//324 678//326
f 681//331 680//331 682//331
f 681//332 679//327 680//329
f 683//333 682//333 684//333
f 683//334 681//334 682//334
f 685//335 683//335 684//335
f 381//336 684//336 686//336
f 381//337 685//338 684//339
f 435//340 685//338 381//337
f 380//341 686//341 687//341
f 380//342 381//342 686//342
f 378//343 687//343 688//343
f 378//344 380//344 687//344
f 377//345 688//345 689//345
f 377//346 378//346 688//346
f 376//347 689//347 690//347
f 376//348 377//348 689//348
f 375//349 690//350 561//351
f 375//352 376//352 690//352
f 374//353 375//349 561//351
f 547//354 573//355 551//356
f 551//357 691//358 552//357
f 573//355 691//359 551//356
f 552//360 692//361 553//362
f 691//358 692//358 552//357
f 692//361 693//363 553//362
f 553//364 694//364 554//364
f 693//365 694//365 553//365
f 554//366 695//366 555//366
f 694//367 695//367 554//367
f 555//368 696//368 556//368
f 695//369 696//369 555//369
f 556//370 697//370 545//370
f 696//371 697//371 556//371
f 545//372 698//372 544//372
f 697//373 698//373 545//373
f 698//374 669//374 544//374
f 672//375 671//375 699//375
f 699//376 700//376 701//376
f 671//377 700//377 699//377
f 701//378 702//378 703//378
f 700//379 702//379 701//379
f 703//380 704//380 705//380
f 702//381 704//381 703//381
f 705//382 706//382 707//382
f 704//383 706//383 705//383
f 707//384 708//384 709//384
f 706//385 708//385 707//385
f 709//386 710//387 669//388
f 708//389 710//389 709//389
f 710//387 670//390 669//388
f 673//391 711//391 712//391
f 674//392 711//392 673//392
f 712//393 713//393 714//393
f 711//394 713//394 712//394
f 713//395 715//395 714//395
f 714//396 716//396 717//396
f 715//397 716//397 714//397
f 717//398 718//398 719//398
f 716//399 718//399 717//399
f 719//400 720//400 721//400
f 718//401 720//401 719//401
f 721//402 722//402 723//402
f 720//403 722//403 721//403
f 723//404 724//404 725//404
f 722//405 724//405 723//405
f 725//406 726//406 454//406
f 724//407 726//407 725//407
f 726//408 455//408 454//408
f 489//409 488//410 645//411
f 489//409 645//411 727//412
f 484//413 727//413 728//413
f 484//414 489//414 727//414
f 485//415 728//415 729//415
f 485//416 484//416 728//416
f 486//417 729//417 730//417
f 486//418 485//418 729//418
f 482//419 730//419 731//419
f 482//420 486//420 730//420
f 480//421 731//421 732//421
f 480//422 482//422 731//422
f 733//423 732//423 734//423
f 733//424 480//424 732//424
f 735//425 733//425 734//425
f 736//426 734//426 737//426
f 736//427 735//427 734//427
f 738//428 736//428 737//428
f 739//429 737//429 563//429
f 739//430 738//430 737//430
f 562//431 739//431 563//431
f 740//432 699//432 701//432
f 740//433 672//434 699//435
f 740//433 691//436 573//437
f 740//438 692//438 691//438
f 740//433 573//437 672//434
f 741//439 701//440 703//441
f 741//442 693//442 692//442
f 741//443 692//443 740//443
f 741//444 740//444 701//444
f 742//445 694//445 693//445
f 742//446 741//439 703//441
f 742//447 693//447 741//447
f 742//448 703//448 694//448
f 743//449 703//449 705//449
f 743//450 695//451 694//452
f 743//453 694//453 703//453
f 743//450 705//454 695//451
f 744//455 705//455 707//455
f 744//456 696//456 695//456
f 744//457 695//457 705//457
f 744//458 707//458 696//458
f 745//459 707//459 709//459
f 745//460 697//460 696//460
f 745//461 696//461 707//461
f 745//462 709//462 697//462
f 746//463 709//463 669//463
f 746//464 698//464 697//464
f 746//465 697//465 709//465
f 746//466 669//466 698//466
f 674//467 672//467 574//467
f 574//467 672//467 573//467
f 726//468 565//468 564//468
f 726//469 564//469 455//469
f 724//470 566//470 565//470
f 724//471 565//471 726//471
f 722//472 567//472 566//472
f 722//473 566//473 724//473
f 720//474 568//474 567//474
f 720//475 567//475 722//475
f 718//476 569//476 568//476
f 718//477 568//477 720//477
f 716//478 570//479 569//480
f 716//478 569//480 718//481
f 715//482 571//483 570//484
f 715//482 570//484 716//485
f 713//486 572//486 571//486
f 713//487 571//487 715//487
f 711//488 575//489 572//490
f 711//488 572//490 713//491
f 674//492 574//493 575//494
f 674//492 575//494 711//495
f 455//496 563//496 453//496
f 564//496 563//496 455//496
f 747//497 666//498 748//499
f 749//500 666//498 747//497
f 327//501 666//498 749//500
f 666//498 310//498 656//498
f 327//501 310//498 666//498
f 727//502 645//502 445//503
f 727//502 445//503 444//504
f 728//505 444//506 446//506
f 728//505 727//505 444//506
f 729//507 446//507 452//507
f 729//507 728//507 446//507
f 730//508 452//508 450//508
f 730//508 729//508 452//508
f 731//509 450//509 447//509
f 731//509 730//509 450//509
f 732//510 447//510 449//510
f 732//510 731//510 447//510
f 734//511 449//511 448//512
f 734//511 732//511 449//511
f 737//513 448//513 451//513
f 737//513 734//513 448//513
f 563//514 451//514 453//514
f 563//514 737//514 451//514
f 355//515 354//515 651//515
f 355//515 651//515 648//515
f 357//516 648//516 650//516
f 357//516 355//516 648//516
f 359//517 650//517 649//517
f 359//517 357//517 650//517
f 361//518 649//519 652//519
f 361//518 359//518 649//519
f 363//520 652//520 654//520
f 363//520 361//520 652//520
f 365//521 654//521 653//521
f 365//521 363//521 654//521
f 310//522 653//522 656//522
f 310//522 365//522 653//522
f 445//523 644//523 454//523
f 645//523 644//523 445//523
f 670//202 651//202 354//202
f 657//202 651//202 670//202
f 454//524 642//524 725//524
f 644//524 642//524 454//524
f 725//525 640//525 723//525
f 642//525 640//525 725//525
f 723//526 638//526 721//526
f 640//526 638//526 723//526
f 721//527 637//527 719//527
f 638//527 637//527 721//527
f 719//528 636//528 717//528
f 637//528 636//528 719//528
f 717//529 639//529 714//529
f 636//529 639//529 717//529
f 714//530 641//530 712//530
f 639//530 641//530 714//530
f 641//531 673//531 712//531
f 641//531 643//531 673//531
f 646//522 647//522 671//522
f 671//522 647//522 700//522
f 700//521 662//521 702//521
f 647//521 662//521 700//521
f 702//520 661//520 704//520
f 662//520 661//520 702//520
f 704//518 660//518 706//518
f 661//518 660//518 704//518
f 706//517 658//517 708//517
f 660//517 658//517 706//517
f 708//516 655//516 710//516
f 658//516 655//516 708//516
f 710//515 657//515 670//515
f 655//515 657//515 710//515
f 643//498 671//498 673//498
f 643//498 646//498 671//498
f 342//532 339//533 667//534
f 342//532 667//534 750//535
f 342//536 750//536 751//536
f 344//537 751//537 752//537
f 344//538 342//538 751//538
f 351//539 752//539 753//539
f 351//540 344//540 752//540
f 347//541 753//541 754//541
f 347//542 351//542 753//542
f 675//543 347//543 754//543
f 676//544 754//544 755//544
f 676//545 675//545 754//545
f 677//546 755//546 558//546
f 677//547 676//547 755//547
f 549//548 677//548 558//548
f 335//549 668//550 337//551
f 756//552 668//550 335//549
f 333//553 756//554 335//555
f 757//556 333//556 331//556
f 757//557 756//554 333//553
f 758//558 757//558 331//558
f 759//559 331//559 327//559
f 759//560 758//560 331//560
f 760//561 749//561 747//561
f 760//562 327//562 749//562
f 760//563 759//563 327//563
f 761//564 747//564 748//564
f 761//565 760//565 747//565
f 665//566 748//566 666//566
f 665//567 761//567 748//567
f 762//568 442//568 763//568
f 762//568 443//568 442//568
f 764//569 763//569 765//569
f 764//569 762//569 763//569
f 766//570 765//570 767//570
f 766//570 764//570 765//570
f 768//571 767//571 769//571
f 768//571 766//571 767//571
f 770//572 769//573 771//574
f 770//572 768//575 769//573
f 772//576 771//576 773//576
f 772//577 770//577 771//577
f 774//578 773//578 775//578
f 774//579 772//579 773//579
f 776//580 775//580 777//580
f 776//581 774//581 775//581
f 778//582 777//582 779//582
f 778//583 776//583 777//583
f 668//584 779//585 667//586
f 668//584 778//587 779//585
f 442//588 548//588 550//588
f 442//588 438//588 548//588
f 763//589 442//589 550//589
f 763//590 550//590 557//590
f 765//591 557//591 559//591
f 765//592 763//592 557//592
f 767//593 559//593 558//593
f 767//594 765//594 559//594
f 769//595 767//595 558//595
f 755//596 769//596 558//596
f 755//597 771//597 769//597
f 780//598 755//599 754//600
f 780//601 773//601 771//601
f 780//598 771//602 755//599
f 780//603 754//603 773//603
f 781//604 753//604 752//604
f 781//605 754//605 753//605
f 781//606 775//607 773//608
f 781//609 773//609 754//609
f 781//606 752//610 775//607
f 782//611 752//611 751//611
f 782//612 777//612 775//613
f 782//614 775//614 752//614
f 782//612 751//615 777//612
f 783//616 751//616 750//616
f 783//617 779//617 777//617
f 783//618 750//618 779//618
f 783//619 777//619 751//619
f 784//620 750//620 667//620
f 784//621 667//621 779//621
f 784//622 779//622 750//622
f 659//296 516//296 443//296
f 443//296 516//296 439//296
f 659//296 510//296 516//296
f 766//623 768//623 665//623
f 766//624 665//624 664//624
f 764//625 664//625 663//625
f 764//626 766//626 664//626
f 762//627 663//627 659//627
f 762//628 764//628 663//628
f 443//629 762//629 659//629
f 785//630 768//630 770//630
f 785//631 761//631 665//631
f 785//632 665//632 768//632
f 785//633 770//633 761//633
f 786//634 770//635 772//636
f 786//637 760//637 761//637
f 786//638 761//638 770//638
f 786//634 772//636 760//639
f 787//640 772//640 774//640
f 787//641 759//641 760//641
f 787//642 758//642 759//642
f 787//643 760//643 772//643
f 787//644 774//644 758//644
f 788//645 774//645 776//645
f 788//646 757//646 758//646
f 788//647 758//647 774//647
f 788//648 776//648 757//648
f 789//649 776//649 778//649
f 789//650 756//650 757//650
f 789//651 757//651 776//651
f 789//652 778//652 756//652
f 790//653 778//653 668//653
f 790//654 668//654 756//654
f 790//655 756//655 778//655
f 791//656 340//656 792//656
f 792//657 341//657 793//657
f 340//656 341//656 792//656
f 793//658 343//658 794//658
f 341//657 343//657 793//657
f 794//202 345//202 795//202
f 343//658 345//658 794//658
f 795//659 346//659 796//659
f 345//202 346//202 795//202
f 796//660 348//660 797//660
f 346//659 348//659 796//659
f 797//661 349//661 798//661
f 348//660 349//660 797//660
f 349//661 350//661 798//661
f 791//1 338//1 340//1
f 791//1 799//1 338//1
f 326//662 328//662 800//662
f 800//662 328//662 801//662
f 801//663 329//663 802//663
f 328//663 329//663 801//663
f 802//664 330//664 803//664
f 329//664 330//664 802//664
f 803//203 332//203 804//203
f 330//203 332//203 803//203
f 804//665 334//665 805//665
f 332//665 334//665 804//665
f 805//666 336//666 806//666
f 334//666 336//666 805//666
f 806//667 338//667 799//667
f 336//667 338//667 806//667
f 326//6 800//6 317//6
f 317//6 800//6 807//6
f 808//5 798//5 325//5
f 325//5 798//5 350//5
f 809//205 810//205 811//205
f 812//205 813//205 810//205
f 812//205 809//205 814//205
f 812//205 810//205 809//205
f 808//205 815//205 813//205
f 808//205 813//205 812//205
f 816//205 817//205 818//205
f 816//205 818//205 819//205
f 816//205 819//205 820//205
f 821//205 816//205 822//205
f 807//205 812//205 817//205
f 807//205 808//205 812//205
f 807//205 817//205 816//205
f 807//205 816//205 821//205
f 796//205 797//205 798//205
f 794//205 795//205 796//205
f 791//205 792//205 793//205
f 791//205 793//205 794//205
f 791//205 796//205 798//205
f 791//205 794//205 796//205
f 800//205 798//205 808//205
f 800//205 808//205 807//205
f 799//205 798//205 800//205
f 799//205 791//205 798//205
f 803//205 801//205 802//205
f 804//205 800//205 801//205
f 804//205 805//205 806//205
f 804//205 806//205 799//205
f 804//205 801//205 803//205
f 804//205 799//205 800//205
f 534//1 679//1 681//1
f 534//1 681//1 683//1
f 534//1 683//1 685//1
f 823//1 610//1 532//1
f 823//1 532//1 534//1
f 824//1 609//1 610//1
f 824//1 610//1 823//1
f 825//1 609//1 824//1
f 606//1 609//1 825//1
f 826//1 606//1 825//1
f 604//1 826//1 827//1
f 604//1 606//1 826//1
f 602//1 827//1 828//1
f 602//1 604//1 827//1
f 600//1 828//1 829//1
f 600//1 602//1 828//1
f 440//1 829//1 830//1
f 440//1 600//1 829//1
f 831//1 440//1 830//1
f 832//1 440//1 831//1
f 546//1 833//1 560//1
f 438//1 834//1 835//1
f 438//1 835//1 836//1
f 438//1 836//1 837//1
f 438//1 837//1 833//1
f 438//1 833//1 546//1
f 548//1 438//1 546//1
f 438//1 440//1 832//1
f 438//1 832//1 838//301
f 438//1 838//301 839//1
f 438//1 839//1 834//1
f 685//1 823//1 534//1
f 429//668 425//668 840//668
f 841//669 425//669 842//669
f 840//668 425//668 841//668
f 425//669 419//669 842//669
f 842//670 417//670 843//670
f 419//670 417//670 842//670
f 421//671 427//671 434//671
f 434//671 427//671 844//671
f 844//672 431//672 845//672
f 427//672 431//672 844//672
f 845//673 433//673 846//673
f 431//673 433//673 845//673
f 846//674 432//674 847//674
f 433//674 432//674 846//674
f 847//675 429//675 840//675
f 432//675 429//675 847//675
f 417//676 416//676 843//676
f 848//677 416//677 849//677
f 843//676 416//676 848//676
f 849//678 415//678 850//678
f 416//677 415//677 849//677
f 415//678 414//678 850//678
f 851//679 412//679 852//679
f 850//680 412//680 851//680
f 414//681 412//680 850//680
f 412//679 409//679 852//679
f 853//682 408//682 854//682
f 852//683 408//683 853//683
f 409//683 408//683 852//683
f 408//682 407//682 854//682
f 854//684 401//684 436//684
f 407//684 401//684 854//684
f 441//685 439//685 516//685
f 441//685 516//685 519//685
f 524//686 441//686 519//686
f 601//686 441//686 524//686
f 527//687 601//687 524//687
f 603//687 601//687 527//687
f 531//688 603//688 527//688
f 605//688 603//688 531//688
f 607//689 531//689 529//689
f 607//689 605//689 531//689
f 526//690 607//690 529//690
f 608//690 607//690 526//690
f 522//691 608//691 526//691
f 611//691 608//691 522//691
f 517//692 611//692 522//692
f 535//692 611//692 517//692
f 533//523 535//523 517//523
f 533//523 517//523 499//523
f 678//693 533//693 499//693
f 678//693 499//693 498//694
f 680//695 498//695 497//695
f 680//695 678//695 498//695
f 682//696 497//696 496//696
f 682//696 680//696 497//696
f 495//697 682//697 496//697
f 684//698 682//697 495//697
f 686//699 495//699 493//699
f 686//699 684//699 495//699
f 687//700 493//700 492//701
f 687//700 686//700 493//700
f 688//702 492//703 490//702
f 688//702 687//703 492//703
f 689//704 490//704 487//704
f 689//704 688//705 490//704
f 690//706 487//706 483//706
f 690//706 689//707 487//706
f 561//708 483//708 481//708
f 561//708 690//708 483//708
f 480//496 561//496 481//496
f 733//496 561//496 480//496
f 735//496 561//496 733//496
f 562//709 561//496 739//710
f 739//710 561//496 738//711
f 738//711 561//496 736//712
f 736//712 561//496 735//496
f 685//203 434//203 823//203
f 435//203 434//203 685//203
f 828//713 827//714 840//714
f 840//714 827//714 847//715
f 827//716 846//716 847//717
f 827//716 826//716 846//716
f 826//718 845//718 846//718
f 826//718 825//718 845//718
f 825//719 844//719 845//719
f 825//719 824//719 844//719
f 844//720 823//720 434//720
f 824//721 823//720 844//720
f 831//722 830//723 843//722
f 843//722 830//723 842//724
f 842//725 829//726 841//726
f 830//725 829//726 842//725
f 829//727 840//727 841//727
f 829//727 828//728 840//727
f 833//729 854//729 436//729
f 833//729 837//729 854//729
f 837//730 853//730 854//731
f 837//730 836//732 853//730
f 836//733 852//733 853//733
f 836//733 835//733 852//733
f 852//734 834//735 851//735
f 835//734 834//735 852//734
f 851//736 839//736 850//736
f 834//736 839//736 851//736
f 850//737 838//737 849//737
f 839//737 838//737 850//737
f 849//738 832//738 848//738
f 838//738 832//738 849//738
f 848//739 831//739 843//739
f 832//739 831//739 848//739
f 436//202 437//202 560//202
f 436//202 560//202 833//202
f 183//740 182//740 612//740
f 612//741 396//742 614//742
f 182//740 396//740 612//740
f 614//743 393//744 616//744
f 396//742 393//742 614//742
f 616//745 394//745 618//745
f 393//744 394//746 616//744
f 394//745 395//745 618//745
f 618//747 397//747 620//747
f 395//747 397//747 618//747
f 620//748 398//748 622//749
f 622//750 398//750 624//750
f 397//748 398//748 620//748
f 624//751 399//752 626//752
f 398//750 399//750 624//750
f 626//753 400//753 628//753
f 399//752 400//754 626//752
f 400//753 403//753 628//753
f 628//755 405//755 630//755
f 630//756 405//756 632//756
f 403//755 405//755 628//755
f 405//756 410//757 632//756
f 632//758 413//758 634//759
f 634//760 413//760 156//760
f 410//758 413//758 632//758
f 413//760 157//761 156//760
f 817//2 370//2 366//2
f 817//2 812//2 370//2
f 317//762 807//763 316//764
f 316//765 821//765 314//765
f 807//763 821//766 316//764
f 314//767 822//767 311//767
f 821//768 822//768 314//768
f 311//769 816//769 312//769
f 822//770 816//770 311//770
f 312//771 820//771 313//771
f 816//772 820//772 312//772
f 313//773 819//773 315//773
f 820//774 819//774 313//774
f 315//775 818//775 367//775
f 367//776 818//776 364//776
f 819//777 818//777 315//777
f 364//778 817//778 366//778
f 818//779 817//779 364//779
f 370//780 812//780 371//780
f 371//781 814//781 372//781
f 372//782 814//782 320//782
f 812//783 814//783 371//783
f 320//784 809//784 318//784
f 814//785 809//785 320//785
f 318//786 811//786 321//786
f 809//787 811//787 318//787
f 321//788 810//788 322//788
f 811//789 810//789 321//789
f 322//790 813//790 323//790
f 810//791 813//791 322//791
f 323//792 815//792 324//792
f 813//793 815//793 323//793
f 324//794 808//795 325//796
f 815//797 808//795 324//794
f 855//5 856//5 857//5
f 857//5 856//5 858//5
f 859//798 860//798 861//798
f 859//798 861//798 862//798
f 863//799 862//799 864//799
f 863//799 859//799 862//799
f 865//800 864//800 866//800
f 865//800 863//800 864//800
f 867//801 866//801 868//801
f 867//801 865//801 866//801
f 869//802 868//802 870//802
f 869//802 867//802 868//802
f 871//803 870//803 872//803
f 871//803 869//803 870//803
f 873//804 872//804 874//804
f 873//804 871//804 872//804
f 857//805 874//805 855//805
f 857//805 873//805 874//805
f 875//2 861//2 876//2
f 876//2 861//2 860//2
f 877//806 878//806 879//806
f 877//806 879//806 880//806
f 881//807 880//807 882//807
f 881//807 877//807 880//807
f 883//808 882//808 884//808
f 883//808 881//808 882//808
f 885//809 884//809 886//809
f 885//809 883//809 884//809
f 887//810 886//810 888//810
f 887//810 885//810 886//810
f 889//811 888//811 890//811
f 889//811 887//811 888//811
f 891//812 890//812 892//812
f 891//812 889//812 890//812
f 876//813 892//813 875//813
f 876//813 891//813 892//813
f 893//6 879//6 894//6
f 894//6 879//6 878//6
f 895//1 896//1 897//1
f 897//1 896//1 898//1
f 899//205 900//205 901//205
f 902//205 901//205 903//205
f 902//205 903//205 904//205
f 902//205 899//205 901//205
f 893//205 905//814 899//205
f 896//205 893//205 899//205
f 896//205 899//205 902//205
f 906//205 895//205 907//205
f 908//205 906//205 909//205
f 910//205 906//205 908//205
f 856//205 896//205 895//205
f 856//205 910//205 911//205
f 856//205 911//205 912//815
f 856//205 893//205 896//205
f 856//205 895//205 906//205
f 856//205 906//205 910//205
f 884//205 882//205 880//205
f 884//205 880//205 879//205
f 886//205 884//205 879//205
f 892//205 890//205 888//205
f 875//205 888//205 886//205
f 875//205 886//205 879//205
f 875//205 892//205 888//205
f 855//205 879//205 893//205
f 855//205 893//205 856//205
f 855//205 875//205 879//205
f 861//205 875//205 855//205
f 872//205 855//205 874//205
f 864//205 862//205 861//205
f 868//205 864//205 861//205
f 868//205 872//205 870//205
f 868//205 866//205 864//205
f 868//205 855//205 872//205
f 868//205 861//205 855//205
f 913//204 914//204 915//204
f 915//204 916//204 917//204
f 914//204 916//204 915//204
f 916//204 898//204 918//204
f 919//204 894//204 914//204
f 914//204 894//204 916//204
f 916//204 894//204 898//204
f 894//204 897//204 898//204
f 897//204 920//204 921//204
f 920//204 922//204 923//204
f 924//204 925//204 926//816
f 922//204 925//204 924//204
f 920//204 925//204 922//204
f 878//204 858//204 894//204
f 894//204 858//204 897//204
f 897//204 858//204 920//204
f 920//204 858//204 925//204
f 881//204 883//204 877//204
f 877//204 883//204 878//204
f 883//204 885//204 878//204
f 885//204 887//204 878//204
f 887//204 889//204 878//204
f 891//204 876//204 889//204
f 889//204 876//204 878//204
f 860//204 857//204 876//204
f 878//204 857//204 858//204
f 876//204 857//204 878//204
f 857//204 863//204 873//204
f 859//204 863//204 860//204
f 860//204 863//204 857//204
f 863//204 867//204 873//204
f 873//204 867//204 871//204
f 871//204 867//204 869//204
f 865//817 867//204 863//204
f 898//818 896//818 902//818
f 918//819 902//819 904//819
f 918//818 898//818 902//818
f 916//820 904//820 903//820
f 916//819 918//819 904//819
f 917//821 903//821 901//821
f 917//820 916//820 903//820
f 915//821 917//821 901//821
f 913//822 901//822 900//822
f 913//822 915//822 901//822
f 914//823 900//823 899//823
f 914//823 913//823 900//823
f 919//824 899//824 905//824
f 919//824 914//824 899//824
f 894//825 905//825 893//825
f 894//825 919//825 905//825
f 858//826 856//826 912//826
f 925//827 912//827 911//827
f 925//826 858//826 912//826
f 926//828 911//828 910//828
f 926//827 925//827 911//827
f 924//829 910//829 908//829
f 924//828 926//828 910//828
f 922//830 908//830 909//830
f 922//829 924//829 908//829
f 923//831 909//831 906//831
f 923//830 922//830 909//830
f 920//832 906//832 907//832
f 920//831 923//831 906//831
f 921//832 920//832 907//832
f 897//833 907//833 895//833
f 897//833 921//833 907//833
f 927//834 928//835 929//836
f 927//834 930//837 928//835
f 931//838 929//838 932//838
f 931//839 927//839 929//839
f 933//840 932//840 934//840
f 933//841 931//841 932//841
f 935//842 934//842 936//842
f 935//843 933//843 934//843
f 937//844 936//844 938//844
f 937//845 935//845 936//845
f 939//846 938//846 940//846
f 939//847 937//847 938//847
f 941//848 940//848 942//848
f 941//849 939//849 940//849
f 943//850 942//850 944//850
f 943//851 941//851 942//851
f 945//852 944//852 946//852
f 945//853 943//853 944//853
f 947//854 946//854 948//854
f 947//855 945//855 946//855
f 949//856 948//856 950//856
f 949//857 947//857 948//857
f 951//858 950//858 952//858
f 951//859 949//859 950//859
f 953//860 951//860 952//860
f 954//861 953//861 952//861
f 955//862 953//862 954//862
f 956//863 955//863 954//863
f 957//864 955//864 956//864
f 958//865 957//865 956//865
f 959//866 957//866 958//866
f 960//867 959//868 958//869
f 961//870 959//868 960//867
f 962//871 930//871 927//871
f 963//872 927//872 931//872
f 963//871 962//871 927//871
f 964//873 931//873 933//873
f 964//872 963//872 931//872
f 965//874 933//874 935//874
f 965//873 964//873 933//873
f 966//875 935//875 937//875
f 966//874 965//874 935//874
f 967//876 937//876 939//876
f 967//875 966//875 937//875
f 968//876 967//876 939//876
f 969//877 939//877 941//878
f 969//877 968//877 939//877
f 970//879 941//879 943//879
f 970//879 969//879 941//879
f 971//880 943//880 945//880
f 971//880 970//880 943//880
f 972//881 945//881 947//881
f 972//881 971//881 945//881
f 973//882 947//882 949//882
f 973//882 972//882 947//882
f 974//883 949//883 951//883
f 974//883 973//883 949//883
f 975//884 951//884 953//884
f 975//884 974//884 951//884
f 976//885 953//885 955//885
f 976//885 975//885 953//885
f 977//886 955//886 957//886
f 977//886 976//886 955//886
f 978//887 977//887 957//887
f 978//887 957//887 959//887
f 979//888 978//888 959//888
f 979//888 959//888 961//888
f 980//889 981//889 982//889
f 983//889 980//889 982//889
f 984//890 982//890 985//890
f 984//890 983//890 982//890
f 986//891 987//891 988//891
f 986//892 985//892 987//892
f 986//892 984//892 985//892
f 989//891 986//891 988//891
f 990//893 988//893 991//893
f 990//893 989//893 988//893
f 992//894 991//894 993//894
f 992//894 990//894 991//894
f 994//895 993//895 995//895
f 994//895 992//895 993//895
f 996//896 995//896 997//896
f 996//896 994//896 995//896
f 998//897 997//897 999//897
f 998//897 996//897 997//897
f 1000//898 999//898 1001//898
f 1000//898 998//898 999//898
f 1002//899 1001//899 1003//899
f 1002//899 1000//899 1001//899
f 1004//900 1003//900 1005//900
f 1004//900 1002//900 1003//900
f 1006//901 1004//901 1005//901
f 1006//901 1005//901 1007//901
f 1008//902 1006//902 1007//902
f 1008//902 1007//902 1009//902
f 1010//903 1008//903 1009//903
f 1010//903 1009//903 1011//903
f 1012//904 1011//904 1013//904
f 1012//904 1010//904 1011//904
f 1014//905 1013//905 1015//905
f 1014//905 1012//905 1013//905
f 1016//906 1015//906 1017//906
f 1016//906 1014//906 1015//906
f 1018//907 1017//907 1019//907
f 1018//907 1016//907 1017//907
f 1020//908 1021//908 1022//908
f 1020//909 1019//909 1021//909
f 1020//909 1018//909 1019//909
f 1023//910 1022//910 1024//910
f 1023//908 1020//908 1022//908
f 1025//910 1023//910 1024//910
f 1026//1 1027//1 1028//1
f 1029//1 1028//1 1030//1
f 1029//1 1026//1 1028//1
f 1031//1 1032//1 1033//1
f 1031//1 1033//1 1027//1
f 1031//1 1027//1 1026//1
f 1034//1 1030//1 1035//1
f 1034//1 1029//1 1030//1
f 1036//1 1037//1 1032//1
f 1036//1 1032//1 1031//1
f 1038//1 1035//1 1039//1
f 1038//1 1039//1 1040//1
f 1038//1 1034//1 1035//1
f 1041//1 1042//1 1037//1
f 1041//1 1037//1 1036//1
f 1043//1 1040//1 1044//1
f 1043//1 1038//1 1040//1
f 962//1 981//1 1042//1
f 962//1 982//1 981//1
f 962//1 1042//1 1041//1
f 1045//1 1044//1 1046//1
f 1045//1 1043//1 1044//1
f 963//1 982//1 962//1
f 963//1 985//1 982//1
f 1047//1 1046//1 1048//1
f 1047//1 1048//1 1049//1
f 1047//1 1045//1 1046//1
f 964//1 985//1 963//1
f 964//1 987//1 985//1
f 1050//1 1049//1 1051//1
f 1050//1 1047//1 1049//1
f 965//1 988//1 987//1
f 965//1 987//1 964//1
f 1052//1 1050//1 1051//1
f 1053//1 1052//1 1051//1
f 991//1 988//1 965//1
f 966//1 991//1 965//1
f 1054//1 1052//1 1053//1
f 1055//1 1054//1 1053//1
f 993//1 991//1 966//1
f 967//1 993//1 966//1
f 1056//1 1054//1 1055//1
f 1057//1 1056//1 1055//1
f 995//1 993//1 967//1
f 995//1 967//1 968//1
f 1058//1 1059//1 1056//1
f 1058//1 1056//1 1057//1
f 997//1 968//1 969//1
f 997//1 995//1 968//1
f 1060//1 1061//1 1059//1
f 1060//1 1059//1 1058//1
f 999//1 997//1 969//1
f 1062//1 979//1 1061//1
f 1062//1 1061//1 1060//1
f 1001//1 969//1 970//1
f 1001//1 999//1 969//1
f 1024//1 979//1 1062//1
f 1003//1 1001//1 970//1
f 1003//1 970//1 971//1
f 1022//1 978//1 979//1
f 1022//1 979//1 1024//1
f 1005//1 1003//1 971//1
f 1005//1 971//1 972//1
f 1021//1 978//1 1022//1
f 1021//1 977//1 978//1
f 1007//1 1005//1 972//1
f 1019//1 977//1 1021//1
f 1019//1 976//1 977//1
f 1009//1 1007//1 972//1
f 1009//1 972//1 973//1
f 1017//1 976//1 1019//1
f 1011//1 1009//1 973//1
f 1011//1 973//1 974//1
f 1015//1 976//1 1017//1
f 1015//1 975//1 976//1
f 1013//1 1011//1 974//1
f 1013//1 975//1 1015//1
f 1013//1 974//1 975//1
f 1063//911 1025//911 1024//911
f 1063//911 1024//911 1062//911
f 1064//912 1062//912 1060//912
f 1064//912 1063//912 1062//912
f 1065//913 1060//913 1058//913
f 1065//913 1064//913 1060//913
f 1066//914 1058//914 1057//914
f 1066//914 1065//914 1058//914
f 1067//915 1057//915 1055//915
f 1067//915 1066//915 1057//915
f 1068//916 1055//916 1053//916
f 1068//916 1067//916 1055//916
f 1069//917 1053//917 1051//917
f 1069//917 1068//917 1053//917
f 1070//918 1051//918 1049//918
f 1070//918 1069//918 1051//918
f 1071//919 1049//919 1048//919
f 1071//919 1070//919 1049//919
f 1072//920 1048//920 1046//920
f 1072//920 1071//920 1048//920
f 1073//921 1044//921 1040//921
f 1073//922 1046//922 1044//922
f 1073//922 1072//922 1046//922
f 1074//921 1073//921 1040//921
f 1075//923 1074//923 1040//923
f 1075//923 1040//923 1039//923
f 1076//924 1075//924 1039//924
f 1076//925 1035//925 1030//925
f 1076//924 1039//924 1035//924
f 1077//925 1076//925 1030//925
f 1078//926 1030//926 1028//926
f 1078//926 1077//926 1030//926
f 1079//927 1028//927 1027//927
f 1079//927 1078//927 1028//927
f 1080//928 1027//928 1033//928
f 1080//928 1079//928 1027//928
f 1081//929 1032//929 1037//929
f 1081//930 1033//930 1032//930
f 1081//930 1080//930 1033//930
f 1082//931 1037//931 1042//931
f 1082//929 1081//929 1037//929
f 1083//931 1082//931 1042//931
f 980//932 1042//932 981//932
f 980//932 1083//932 1042//932
f 1080//2 1081//2 1079//2
f 1083//2 980//2 1082//2
f 1082//2 983//3 1081//2
f 980//2 983//3 1082//2
f 1079//2 984//2 1078//2
f 1078//2 984//2 1077//2
f 1081//2 984//2 1079//2
f 983//3 984//2 1081//2
f 1073//2 1070//2 1072//3
f 1072//3 1070//2 1071//2
f 1070//2 1068//2 1069//3
f 989//2 990//2 986//2
f 986//2 990//2 984//2
f 1070//2 1067//2 1068//2
f 1077//2 992//2 1076//2
f 1076//2 992//2 1075//2
f 984//2 992//2 1077//2
f 990//2 992//2 984//2
f 994//8 996//2 992//2
f 1066//2 1064//2 1065//2
f 1066//2 1063//2 1064//2
f 996//2 1000//2 992//2
f 998//2 1000//2 996//2
f 1075//2 1000//2 1074//2
f 1074//2 1000//2 1073//2
f 992//2 1000//2 1075//2
f 1004//933 1006//2 1002//2
f 1002//2 1006//2 1000//2
f 1025//2 1020//2 1023//2
f 1067//2 1020//2 1066//2
f 1063//2 1020//2 1025//2
f 1066//2 1020//2 1063//2
f 1008//2 1010//2 1006//2
f 1006//2 1012//2 1000//2
f 1020//2 1012//2 1018//2
f 1018//2 1012//2 1016//2
f 1000//2 1012//2 1073//2
f 1067//2 1012//2 1020//2
f 1010//2 1012//2 1006//2
f 1073//2 1012//2 1070//2
f 1070//2 1012//2 1067//2
f 1012//2 1014//934 1016//2
f 1061//935 979//935 961//935
f 1061//935 961//935 1084//935
f 1059//936 1084//936 1085//936
f 1059//936 1061//936 1084//936
f 1056//937 1085//937 1086//937
f 1056//937 1059//937 1085//937
f 1054//938 1086//938 1087//938
f 1054//938 1056//938 1086//938
f 1052//939 1087//939 1088//939
f 1052//939 1054//939 1087//939
f 1050//940 1088//940 1089//940
f 1050//940 1052//940 1088//940
f 1047//941 1089//941 1090//941
f 1047//941 1050//941 1089//941
f 1045//942 1090//942 1091//942
f 1045//942 1047//942 1090//942
f 1043//943 1091//943 1092//943
f 1043//943 1045//943 1091//943
f 1038//944 1092//944 1093//944
f 1038//944 1043//944 1092//944
f 1034//945 1093//945 1094//945
f 1034//945 1038//945 1093//945
f 1029//946 1094//946 1095//946
f 1029//946 1034//946 1094//946
f 1026//947 1095//947 1096//947
f 1026//948 1096//948 1097//948
f 1026//947 1029//947 1095//947
f 1031//949 1097//949 1098//949
f 1031//948 1026//948 1097//948
f 1036//950 1098//950 1099//950
f 1036//949 1031//949 1098//949
f 1041//950 1036//950 1099//950
f 962//951 1041//951 1099//951
f 962//951 1099//951 930//951
f 1100//1 1101//1 1102//952
f 932//1 929//1 928//1
f 1103//1 1104//1 1105//302
f 1106//1 1103//1 1107//301
f 938//1 936//1 934//1
f 940//1 934//1 932//1
f 940//1 938//1 934//1
f 1108//1 1106//1 1109//1
f 1110//1 1100//1 1111//1
f 1110//1 1111//1 1104//1
f 1110//1 1103//1 1106//1
f 1110//1 1106//1 1108//1
f 1110//1 1104//1 1103//1
f 960//1 1112//1 1113//1
f 960//1 1113//1 1101//1
f 960//1 1101//1 1100//1
f 960//1 1100//1 1110//1
f 956//1 928//1 1114//1
f 956//1 1114//1 1112//1
f 956//1 960//1 958//302
f 956//1 932//1 928//1
f 956//1 1112//1 960//1
f 948//1 946//1 944//1
f 948//1 944//1 942//1
f 948//1 942//1 940//1
f 952//1 956//1 954//952
f 952//1 950//302 948//1
f 952//1 940//1 932//1
f 952//1 948//1 940//1
f 952//1 932//1 956//1
f 1084//953 961//954 960//955
f 1084//953 960//955 1110//956
f 1085//957 1110//957 1108//957
f 1085//958 1084//958 1110//958
f 1086//959 1108//959 1109//959
f 1086//960 1085//960 1108//960
f 1087//961 1109//961 1106//961
f 1087//962 1086//962 1109//962
f 1088//963 1106//963 1107//963
f 1088//964 1087//964 1106//964
f 1089//965 1107//965 1103//965
f 1089//966 1088//966 1107//966
f 1090//967 1103//967 1105//967
f 1090//968 1089//968 1103//968
f 1091//969 1105//969 1104//969
f 1091//970 1090//970 1105//970
f 1092//971 1104//971 1111//971
f 1092//972 1091//972 1104//972
f 1093//973 1111//973 1100//973
f 1093//974 1092//974 1111//974
f 1094//975 1100//975 1102//975
f 1094//976 1093//976 1100//976
f 1095//977 1102//977 1101//977
f 1095//978 1094//978 1102//978
f 1096//979 1095//979 1101//979
f 1113//980 1096//980 1101//980
f 1097//981 1096//981 1113//981
f 1112//982 1097//982 1113//982
f 1098//983 1097//983 1112//983
f 1114//984 1098//984 1112//984
f 1099//985 1098//985 1114//985
f 928//986 1099//987 1114//988
f 930//989 1099//987 928//986
f 1115//990 1116//991 1117//992
f 1115//990 1118//993 1116//991
f 1119//994 1117//994 1120//994
f 1119//995 1115//995 1117//995
f 1121//996 1120//996 1122//996
f 1121//997 1119//997 1120//997
f 1123//998 1122//998 1124//998
f 1123//999 1121//999 1122//999
f 1125//1000 1124//1000 1126//1000
f 1125//1001 1123//1001 1124//1001
f 1127//1002 1126//1002 1128//1002
f 1127//1003 1125//1003 1126//1003
f 1129//1004 1128//1004 1130//1004
f 1129//1005 1127//1005 1128//1005
f 1131//1006 1130//1006 1132//1006
f 1131//1007 1129//1007 1130//1007
f 1133//1008 1132//1008 1134//1008
f 1133//1009 1131//1009 1132//1009
f 1135//1010 1134//1010 1136//1010
f 1135//1011 1133//1011 1134//1011
f 1137//1012 1136//1012 1138//1012
f 1137//1013 1135//1013 1136//1013
f 1139//1014 1138//1014 1140//1014
f 1139//1015 1137//1015 1138//1015
f 1141//1016 1139//1016 1140//1016
f 1142//1017 1141//1017 1140//1017
f 1143//1018 1141//1018 1142//1018
f 1144//1019 1143//1019 1142//1019
f 1145//1020 1143//1020 1144//1020
f 1146//1021 1145//1021 1144//1021
f 1147//1022 1145//1022 1146//1022
f 1148//1023 1147//1024 1146//1025
f 1149//1026 1147//1024 1148//1023
f 1150//1027 1118//1027 1115//1027
f 1151//1028 1115//1028 1119//1028
f 1151//1027 1150//1027 1115//1027
f 1152//1029 1119//1029 1121//1029
f 1152//1028 1151//1028 1119//1028
f 1153//1030 1121//1030 1123//1030
f 1153//1029 1152//1029 1121//1029
f 1154//1031 1123//1031 1125//1031
f 1154//1030 1153//1030 1123//1030
f 1155//1032 1125//1032 1127//1032
f 1155//1031 1154//1031 1125//1031
f 1156//1032 1155//1032 1127//1032
f 1157//1033 1127//1033 1129//1033
f 1157//1033 1156//1033 1127//1033
f 1158//1034 1129//1034 1131//1034
f 1158//1034 1157//1034 1129//1034
f 1159//1035 1131//1035 1133//1035
f 1159//1035 1158//1035 1131//1035
f 1160//1036 1133//1036 1135//1036
f 1160//1036 1159//1036 1133//1036
f 1161//1037 1135//1037 1137//1037
f 1161//1037 1160//1037 1135//1037
f 1162//1038 1137//1038 1139//1038
f 1162//1038 1161//1038 1137//1038
f 1163//1039 1139//1039 1141//1039
f 1163//1039 1162//1039 1139//1039
f 1164//1040 1141//1040 1143//1040
f 1164//1040 1163//1040 1141//1040
f 1165//1041 1143//1041 1145//1041
f 1165//1041 1164//1041 1143//1041
f 1166//1042 1165//1042 1145//1042
f 1166//1042 1145//1042 1147//1042
f 1167//1043 1166//1043 1147//1043
f 1167//1043 1147//1043 1149//1043
f 1168//1044 1169//1044 1170//1044
f 1168//1044 1171//1044 1169//1044
f 1172//1045 1170//1045 1173//1045
f 1172//1045 1168//1045 1170//1045
f 1174//1046 1173//1046 1175//1046
f 1174//1046 1172//1046 1173//1046
f 1176//1047 1175//1047 1177//1047
f 1176//1047 1174//1047 1175//1047
f 1178//1048 1177//1048 1179//1048
f 1178//1048 1176//1048 1177//1048
f 1180//1049 1179//1049 1181//1049
f 1180//1049 1178//1049 1179//1049
f 1182//1050 1181//1050 1183//1050
f 1182//1050 1180//1050 1181//1050
f 1184//1051 1183//1051 1185//1051
f 1184//1051 1182//1051 1183//1051
f 1186//1052 1185//1052 1187//1052
f 1186//1052 1184//1052 1185//1052
f 1188//1053 1187//1053 1189//1053
f 1188//1053 1186//1053 1187//1053
f 1190//1054 1189//1054 1191//1054
f 1190//1054 1188//1054 1189//1054
f 1192//1055 1193//1055 1194//1055
f 1192//1056 1191//1056 1193//1056
f 1192//1056 1190//1056 1191//1056
f 1195//1055 1192//1055 1194//1055
f 1196//1057 1195//1057 1194//1057
f 1196//1057 1194//1057 1197//1057
f 1198//1058 1196//1058 1197//1058
f 1198//1058 1197//1058 1199//1058
f 1200//1059 1199//1059 1201//1059
f 1200//1059 1198//1059 1199//1059
f 1202//1060 1201//1060 1203//1060
f 1202//1060 1200//1060 1201//1060
f 1204//1061 1203//1061 1205//1061
f 1204//1061 1202//1061 1203//1061
f 1206//1062 1205//1062 1207//1062
f 1206//1062 1204//1062 1205//1062
f 1208//1063 1209//1063 1210//1063
f 1208//1064 1207//1064 1209//1064
f 1208//1064 1206//1064 1207//1064
f 1211//1063 1208//1063 1210//1063
f 1212//1065 1210//1065 1213//1065
f 1212//1065 1211//1065 1210//1065
f 1214//1 1215//1 1216//1
f 1217//1 1216//1 1218//1
f 1217//1 1214//1 1216//1
f 1219//1 1220//1 1221//1
f 1219//1 1221//1 1215//1
f 1219//1 1215//1 1214//1
f 1222//1 1218//1 1223//1
f 1222//1 1217//1 1218//1
f 1224//1 1225//1 1220//1
f 1224//1 1220//1 1219//1
f 1226//1 1223//1 1227//1
f 1226//1 1227//1 1228//1
f 1226//1 1222//1 1223//1
f 1229//1 1230//1 1225//1
f 1229//1 1225//1 1224//1
f 1231//1 1226//1 1228//1
f 1231//1 1228//1 1232//1
f 1150//1 1169//1 1230//1
f 1150//1 1230//1 1229//1
f 1150//1 1170//1 1169//1
f 1233//1 1232//1 1234//1
f 1233//1 1231//1 1232//1
f 1151//1 1170//1 1150//1
f 1151//1 1173//1 1170//1
f 1235//1 1234//1 1236//1
f 1235//1 1236//1 1237//1
f 1235//1 1233//1 1234//1
f 1152//1 1173//1 1151//1
f 1152//1 1175//1 1173//1
f 1238//1 1237//1 1239//1
f 1238//1 1235//1 1237//1
f 1153//1 1177//1 1175//1
f 1153//1 1175//1 1152//1
f 1240//1 1238//1 1239//1
f 1241//1 1240//1 1239//1
f 1179//1 1177//1 1153//1
f 1154//1 1179//1 1153//1
f 1242//1 1240//1 1241//1
f 1243//1 1242//1 1241//1
f 1181//1 1179//1 1154//1
f 1155//1 1181//1 1154//1
f 1244//1 1242//1 1243//1
f 1245//1 1244//1 1243//1
f 1183//1 1181//1 1155//1
f 1183//1 1155//1 1156//1
f 1246//1 1247//1 1244//1
f 1246//1 1244//1 1245//1
f 1185//1 1156//1 1157//1
f 1185//1 1183//1 1156//1
f 1248//1 1249//1 1247//1
f 1248//1 1247//1 1246//1
f 1187//1 1185//1 1157//1
f 1250//1 1167//1 1249//1
f 1250//1 1249//1 1248//1
f 1189//1 1157//1 1158//1
f 1189//1 1187//1 1157//1
f 1213//1 1167//1 1250//1
f 1191//1 1189//1 1158//1
f 1191//1 1158//1 1159//1
f 1210//1 1166//1 1167//1
f 1210//1 1167//1 1213//1
f 1193//1 1191//1 1159//1
f 1193//1 1159//1 1160//1
f 1209//1 1166//1 1210//1
f 1209//1 1165//1 1166//1
f 1194//1 1193//1 1160//1
f 1207//1 1165//1 1209//1
f 1207//1 1164//1 1165//1
f 1197//1 1194//1 1160//1
f 1197//1 1160//1 1161//1
f 1205//1 1164//1 1207//1
f 1199//1 1197//1 1161//1
f 1199//1 1161//1 1162//1
f 1203//1 1164//1 1205//1
f 1203//1 1163//1 1164//1
f 1201//1 1199//1 1162//1
f 1201//1 1163//1 1203//1
f 1201//1 1162//1 1163//1
f 1251//1066 1212//1066 1213//1066
f 1251//1066 1213//1066 1250//1066
f 1252//1067 1248//1067 1246//1067
f 1252//1068 1250//1068 1248//1068
f 1252//1068 1251//1068 1250//1068
f 1253//1067 1252//1067 1246//1067
f 1254//1069 1246//1069 1245//1069
f 1254//1069 1253//1069 1246//1069
f 1255//1070 1245//1070 1243//1070
f 1255//1070 1254//1070 1245//1070
f 1256//1071 1243//1071 1241//1071
f 1256//1071 1255//1071 1243//1071
f 1257//1072 1241//1072 1239//1072
f 1257//1072 1256//1072 1241//1072
f 1258//1073 1239//1073 1237//1073
f 1258//1073 1257//1073 1239//1073
f 1259//1074 1237//1074 1236//1074
f 1259//1074 1258//1074 1237//1074
f 1260//1075 1236//1075 1234//1075
f 1260//1075 1259//1075 1236//1075
f 1261//1076 1234//1076 1232//1076
f 1261//1076 1260//1076 1234//1076
f 1262//1077 1232//1077 1228//1077
f 1262//1077 1261//1077 1232//1077
f 1263//1078 1262//1078 1228//1078
f 1263//1078 1228//1078 1227//1078
f 1264//1079 1263//1079 1227//1079
f 1264//1079 1227//1079 1223//1079
f 1265//1080 1264//1080 1223//1080
f 1265//1080 1223//1080 1218//1080
f 1266//1081 1218//1081 1216//1081
f 1266//1081 1265//1081 1218//1081
f 1267//1082 1216//1082 1215//1082
f 1267//1082 1266//1082 1216//1082
f 1268//1083 1215//1083 1221//1083
f 1268//1083 1267//1083 1215//1083
f 1269//1084 1221//1084 1220//1084
f 1269//1084 1268//1084 1221//1084
f 1270//1085 1225//1085 1230//1085
f 1270//1086 1220//1086 1225//1086
f 1270//1086 1269//1086 1220//1086
f 1271//1087 1230//1087 1169//1087
f 1271//1085 1270//1085 1230//1085
f 1171//1087 1271//1087 1169//1087
f 1269//2 1270//2 1268//2
f 1271//3 1171//2 1270//2
f 1268//2 1171//2 1267//2
f 1267//2 1171//2 1266//2
f 1270//2 1171//2 1268//2
f 1262//2 1260//2 1261//2
f 1260//2 1258//2 1259//2
f 1262//2 1258//2 1260//2
f 1172//1088 1174//2 1168//2
f 1180//2 1182//2 1178//2
f 1178//2 1182//2 1176//2
f 1176//2 1182//2 1174//2
f 1258//2 1253//2 1257//2
f 1257//2 1253//2 1256//2
f 1256//2 1253//2 1255//2
f 1255//2 1253//2 1254//934
f 1184//2 1186//2 1182//2
f 1168//2 1186//2 1171//2
f 1266//2 1186//2 1265//2
f 1265//2 1186//2 1264//2
f 1264//2 1186//2 1263//2
f 1263//2 1186//2 1262//2
f 1171//2 1186//2 1266//2
f 1182//2 1186//2 1174//2
f 1174//2 1186//2 1168//2
f 1253//2 1251//2 1252//3
f 1188//2 1190//2 1186//2
f 1253//2 1211//2 1251//2
f 1251//2 1211//2 1212//2
f 1211//2 1206//2 1208//2
f 1196//2 1198//2 1195//3
f 1195//3 1198//2 1192//8
f 1190//2 1198//2 1186//2
f 1192//8 1198//2 1190//2
f 1186//2 1198//2 1262//2
f 1206//2 1202//2 1204//3
f 1200//2 1202//2 1198//2
f 1253//2 1202//2 1211//2
f 1211//2 1202//2 1206//2
f 1198//2 1202//2 1262//2
f 1262//2 1202//2 1258//2
f 1258//2 1202//2 1253//2
f 1249//1089 1167//1089 1149//1089
f 1249//1089 1149//1089 1272//1089
f 1247//1090 1272//1090 1273//1090
f 1247//1090 1249//1090 1272//1090
f 1244//1091 1273//1091 1274//1091
f 1244//1091 1247//1091 1273//1091
f 1242//1092 1274//1092 1275//1092
f 1242//1092 1244//1092 1274//1092
f 1240//1093 1275//1093 1276//1093
f 1240//1093 1242//1093 1275//1093
f 1238//1094 1276//1094 1277//1094
f 1238//1094 1240//1094 1276//1094
f 1235//1095 1277//1095 1278//1095
f 1235//1095 1238//1095 1277//1095
f 1233//1096 1278//1096 1279//1096
f 1233//1096 1235//1096 1278//1096
f 1231//1097 1279//1097 1280//1097
f 1231//1097 1233//1097 1279//1097
f 1226//1098 1280//1098 1281//1098
f 1226//1098 1231//1098 1280//1098
f 1222//1099 1281//1099 1282//1099
f 1222//1099 1226//1099 1281//1099
f 1217//1100 1282//1100 1283//1100
f 1217//1100 1222//1100 1282//1100
f 1214//1101 1283//1101 1284//1101
f 1214//1102 1284//1102 1285//1102
f 1214//1101 1217//1101 1283//1101
f 1219//1102 1214//1102 1285//1102
f 1224//1103 1285//1103 1286//1103
f 1224//1103 1219//1103 1285//1103
f 1229//1104 1224//1104 1286//1104
f 1229//1104 1286//1104 1287//1104
f 1150//1105 1229//1105 1287//1105
f 1150//1105 1287//1105 1118//1105
f 1288//1 1289//301 1290//1106
f 1122//1 1120//302 1117//1
f 1291//1 1292//1 1293//1
f 1291//1 1293//1 1289//301
f 1291//1 1289//301 1288//1
f 1294//1 1292//1 1291//1
f 1295//1 1296//1 1297//1
f 1295//1 1297//1 1298//1
f 1295//1 1298//1 1292//1
f 1295//1 1294//1 1299//1
f 1295//1 1292//1 1294//1
f 1300//1 1301//1 1296//1
f 1300//1 1296//1 1295//1
f 1132//1 1130//952 1128//1
f 1146//1 1116//1 1302//1
f 1146//1 1302//1 1301//1
f 1146//1 1300//1 1148//1107
f 1146//1 1301//1 1300//1
f 1136//1 1134//302 1132//1
f 1136//1 1128//1 1126//1
f 1136//1 1126//1 1124//1
f 1136//1 1132//1 1128//1
f 1142//1 1146//1 1144//1
f 1142//1 1124//1 1122//1
f 1142//1 1117//1 1116//1
f 1142//1 1122//1 1117//1
f 1142//1 1116//1 1146//1
f 1140//1 1138//302 1136//1
f 1140//1 1136//1 1124//1
f 1140//1 1124//1 1142//1
f 1272//1108 1149//1109 1148//1110
f 1272//1108 1148//1110 1300//1111
f 1273//1112 1300//1112 1295//1112
f 1273//1113 1272//1113 1300//1113
f 1274//1114 1295//1114 1299//1114
f 1274//1115 1273//1115 1295//1115
f 1275//1116 1299//1116 1294//1116
f 1275//1117 1274//1117 1299//1117
f 1276//1118 1294//1118 1291//1118
f 1276//1119 1275//1119 1294//1119
f 1277//1120 1291//1120 1288//1120
f 1277//1121 1276//1121 1291//1121
f 1278//1122 1288//1122 1290//1122
f 1278//1123 1277//1123 1288//1123
f 1279//1124 1290//1124 1289//1124
f 1279//1125 1278//1125 1290//1125
f 1280//1126 1289//1126 1293//1126
f 1280//1127 1279//1127 1289//1127
f 1281//1128 1293//1128 1292//1128
f 1281//1129 1280//1129 1293//1129
f 1282//1130 1292//1130 1298//1130
f 1282//1131 1281//1131 1292//1131
f 1283//1132 1298//1132 1297//1132
f 1283//1133 1282//1133 1298//1133
f 1284//1134 1283//1134 1297//1134
f 1296//1135 1284//1135 1297//1135
f 1285//1136 1284//1136 1296//1136
f 1301//1137 1285//1137 1296//1137
f 1286//1138 1285//1138 1301//1138
f 1302//1139 1286//1139 1301//1139
f 1287//1140 1286//1140 1302//1140
f 1116//1141 1287//1142 1302//1143
f 1118//1144 1287//1142 1116//1141
