# Blender 5.1.1
# www.blender.org
mtllib GripperX+.mtl
o GripperX+
v -19.436859 85.506004 -1.269818
v -16.399902 85.506004 -3.340313
v -20.799896 85.506004 -0.034176
v -17.966034 85.506004 -2.374981
v -16.399902 85.506012 33.640259
v -20.799896 85.506012 30.334126
v -19.436859 85.506012 31.569767
v -17.966034 85.506012 32.674911
v -8.502960 85.506004 -5.768583
v -6.699890 85.506004 -4.720716
v -9.399902 85.506004 -5.666945
v -7.602356 85.506004 -5.829648
v -6.699890 85.506004 -5.850035
v -6.699890 85.506012 32.361511
v -9.399902 85.506012 35.966888
v -5.549896 85.506004 -4.720716
v -5.549896 85.506012 32.361511
v -8.502960 85.506012 36.068527
v -7.602356 85.506012 36.129593
v -6.699890 85.506012 36.149963
v -6.699890 92.506004 -4.720718
v -8.502960 92.506004 -5.768584
v -9.399902 92.506004 -5.666946
v -7.602356 92.506004 -5.829650
v -6.699890 92.506004 -5.850036
v -10.204041 92.506012 35.840607
v -9.855011 92.506012 34.795685
v -10.184265 92.506012 35.113678
v -10.577179 92.506012 35.348480
v -11.013214 92.506012 35.487793
v -11.469482 92.506012 35.524323
v -11.922119 92.506012 35.456146
v -6.699890 92.506012 32.361511
v -9.399902 92.506012 33.525528
v -9.452271 92.506012 33.980255
v -5.549896 92.506012 32.361511
v -5.549896 92.506004 -4.720718
v -8.458771 92.506012 36.072479
v -9.606689 92.506012 34.411163
v -6.699890 92.506012 36.149963
v -17.966034 92.506004 -2.374984
v -19.436859 92.506004 -1.269820
v -20.799896 92.506004 -0.034179
v -16.399902 92.506004 -3.340316
v -16.399902 92.506012 32.419876
v -19.543304 92.506012 31.481216
v -18.193756 92.506012 32.517365
v -20.799896 92.506012 30.334122
v -16.761017 92.506012 33.435059
v -16.349152 92.506012 32.867554
v -16.199493 92.506012 33.292526
v -15.958496 92.506012 33.673203
v -15.638397 92.506012 33.990265
v -15.255463 92.506012 34.227646
v -9.399902 97.225121 -5.642440
v -9.399902 97.432793 -5.570388
v -9.399902 97.006004 -5.666946
v -9.399902 97.619812 -5.454345
v -9.399902 97.776657 -5.300674
v -9.399902 97.896721 -5.116197
v -9.399902 97.973946 -4.910692
v -9.399902 97.997894 -4.785202
v -9.399902 98.006004 -4.657213
v -9.399902 98.006004 33.525528
v -16.399902 98.006004 32.419876
v -16.399902 98.006004 -2.187408
v -16.399902 97.006004 -3.340316
v -16.399902 97.980957 -2.446212
v -16.399902 97.905083 -2.694503
v -16.399902 97.407272 -3.244155
v -16.399902 97.211861 -3.315811
v -16.399902 97.778328 -2.921981
v -16.399902 97.601875 -3.114791
v -15.638397 98.006004 33.990265
v -16.199493 98.006004 33.292526
v -15.958496 98.006004 33.673203
v -16.349152 98.006004 32.867554
v -15.255463 98.006004 34.227646
v -14.169281 98.006004 34.702820
v -11.013214 98.006004 35.487793
v -10.577179 98.006004 35.348480
v -11.469482 98.006004 35.524323
v -10.184265 98.006004 35.113678
v -9.606689 98.006004 34.411163
v -9.855011 98.006004 34.795685
v -9.452271 98.006004 33.980255
v -11.922119 98.006004 35.456146
v -13.056885 98.006004 35.112793
v -14.749664 98.006004 -3.060531
v -11.232666 98.006004 -4.301422
v -13.021698 98.006004 -3.767486
v -16.399902 82.306007 33.640259
v -16.399902 82.306007 -3.340313
v -9.399902 82.306007 -5.666943
v -9.399902 82.306007 35.966888
v -11.315430 82.106003 -5.310162
v -9.599884 82.106003 -5.638653
v -12.995758 82.106003 -4.833233
v -14.628052 82.106003 -4.211514
v -16.199890 82.106003 -3.449734
v -16.199890 82.106010 33.749680
v -12.995758 82.106010 35.133179
v -14.628052 82.106010 34.511459
v -11.315430 82.106010 35.610107
v -9.599884 82.106010 35.938599
v -14.738525 97.006004 -4.163421
v -13.008087 97.006004 -4.829147
v -11.223419 97.006004 -5.331756
v -16.292694 97.980835 -2.508361
v -16.115753 97.980835 -2.609024
v -16.220947 97.905098 -2.796295
v -16.317688 97.778336 -2.968444
v -16.393219 97.619850 -3.102889
v -14.844116 97.980835 -3.262496
v -14.935120 97.905098 -3.457061
v -15.018768 97.778336 -3.635925
v -14.426208 97.980835 -3.451904
v -15.084106 97.619850 -3.775604
v -14.512543 97.905098 -3.648590
v -15.132812 97.432800 -3.879699
v -14.591919 97.778336 -3.829406
v -15.163025 97.225121 -3.944335
v -14.653900 97.619850 -3.970596
v -14.700104 97.432800 -4.075835
v -14.728760 97.225121 -4.141174
v -13.095856 97.980835 -3.977737
v -13.167328 97.905098 -4.180299
v -12.763000 97.980835 -4.091768
v -13.233032 97.778336 -4.366515
v -12.830750 97.905098 -4.295609
v -13.284332 97.619850 -4.511916
v -12.893036 97.778336 -4.482986
v -13.322571 97.432800 -4.620300
v -12.941681 97.619850 -4.629317
v -13.346313 97.225121 -4.687591
v -12.977936 97.432800 -4.738372
v -13.000427 97.225121 -4.806075
v -11.285858 97.980835 -4.517946
v -11.337097 97.905098 -4.726548
v -11.047699 97.980835 -4.574846
v -11.384216 97.778336 -4.918304
v -11.096283 97.905098 -4.784089
v -11.421021 97.619850 -5.068053
v -11.140930 97.778336 -4.976424
v -11.448425 97.432800 -5.179656
v -11.175812 97.619850 -5.126632
v -11.465454 97.225121 -5.248946
v -11.201813 97.432800 -5.238586
v -11.217926 97.225121 -5.308089
v -9.431580 97.980835 -4.877900
v -9.462097 97.905098 -5.090532
v -9.490173 97.778336 -5.285979
v -9.512085 97.619850 -5.438613
v -9.528412 97.432800 -5.552383
v -9.538544 97.225121 -5.623000
v -14.899902 98.356010 26.649963
v -15.249908 98.006004 26.649963
v -14.856323 98.356010 26.291000
v -15.196136 98.006004 26.207230
v -14.728088 98.356010 25.952881
v -15.037994 98.006004 25.790237
v -14.522675 98.356010 25.655289
v -14.784637 98.006004 25.423187
v -14.251984 98.356010 25.415497
v -14.450806 98.006004 25.127457
v -13.931793 98.356010 25.247452
v -14.055908 98.006004 24.920197
v -13.622894 98.006004 24.813461
v -13.580719 98.356010 25.160904
v -13.219086 98.356010 25.160904
v -13.176910 98.006004 24.813461
v -12.867981 98.356010 25.247452
v -12.743866 98.006004 24.920197
v -12.547791 98.356010 25.415497
v -12.348969 98.006004 25.127457
v -12.277130 98.356010 25.655289
v -12.015167 98.006004 25.423187
v -11.761810 98.006004 25.790237
v -12.071716 98.356010 25.952881
v -11.603668 98.006004 26.207230
v -11.943481 98.356010 26.291000
v -11.899902 98.356010 26.649963
v -11.549896 98.006004 26.649963
v -14.899902 100.706009 26.649963
v -14.856323 100.706009 26.291000
v -14.728088 100.706009 25.952881
v -14.522675 100.706009 25.655289
v -14.251984 100.706009 25.415497
v -13.931793 100.706009 25.247452
v -13.580719 100.706009 25.160904
v -13.219086 100.706009 25.160904
v -12.867981 100.706009 25.247452
v -12.547791 100.706009 25.415497
v -12.277130 100.706009 25.655289
v -12.071716 100.706009 25.952881
v -11.943481 100.706009 26.291000
v -11.899902 100.706009 26.649963
v -9.649902 104.006004 31.649961
v -9.758881 104.006004 30.752531
v -9.649902 102.506004 31.649961
v -9.758881 102.506004 30.752531
v -10.079437 104.006004 29.907255
v -10.079437 102.506004 29.907255
v -10.592987 104.006004 29.163252
v -10.592987 102.506004 29.163252
v -11.269653 104.006004 28.563780
v -11.269653 102.506004 28.563780
v -12.070129 104.006004 28.143660
v -12.070129 102.506004 28.143660
v -12.947876 104.006004 27.927305
v -12.947876 102.506004 27.927305
v -13.851898 104.006004 27.927305
v -13.851898 102.506004 27.927305
v -14.729675 104.006004 28.143660
v -14.729675 102.506004 28.143660
v -15.530151 104.006004 28.563780
v -15.530151 102.506004 28.563780
v -16.206818 104.006004 29.163252
v -16.206818 102.506004 29.163252
v -16.720367 102.506004 29.907255
v -16.720367 104.006004 29.907255
v -17.040924 104.006004 30.752531
v -17.040924 102.506004 30.752531
v -17.149902 104.006004 31.649961
v -17.149902 102.506004 31.649961
v -9.649902 104.006004 21.649961
v -9.758881 104.006004 20.752531
v -9.649902 102.506004 21.649961
v -9.758881 102.506004 20.752531
v -10.079437 104.006004 19.907255
v -10.079437 102.506004 19.907255
v -10.592987 104.006004 19.163252
v -10.592987 102.506004 19.163252
v -11.269653 104.006004 18.563780
v -11.269653 102.506004 18.563780
v -12.070129 104.006004 18.143660
v -12.070129 102.506004 18.143660
v -12.947876 104.006004 17.927305
v -12.947876 102.506004 17.927305
v -13.851898 104.006004 17.927305
v -13.851898 102.506004 17.927305
v -14.729675 104.006004 18.143660
v -14.729675 102.506004 18.143660
v -15.530151 104.006004 18.563780
v -15.530151 102.506004 18.563780
v -16.206818 104.006004 19.163252
v -16.206818 102.506004 19.163252
v -16.720367 104.006004 19.907255
v -16.720367 102.506004 19.907255
v -17.040924 104.006004 20.752531
v -17.040924 102.506004 20.752531
v -17.149902 104.006004 21.649961
v -17.149902 102.506004 21.649961
v -15.449890 98.006004 21.649963
v -15.390320 98.006004 21.159378
v -15.449890 102.506004 21.649961
v -15.390320 102.506004 21.159376
v -15.215088 102.506004 20.697279
v -15.215088 98.006004 20.697281
v -14.934357 102.506004 20.290571
v -14.934357 98.006004 20.290573
v -14.564423 102.506004 19.962858
v -14.564423 98.006004 19.962860
v -14.126831 102.506004 19.733183
v -14.126831 98.006004 19.733185
v -13.647003 98.006004 19.614914
v -13.647003 102.506004 19.614912
v -13.152802 102.506004 19.614912
v -13.152802 98.006004 19.614914
v -12.672974 102.506004 19.733183
v -12.672974 98.006004 19.733185
v -12.235352 102.506004 19.962858
v -12.235352 98.006004 19.962860
v -11.865448 102.506004 20.290571
v -11.865448 98.006004 20.290573
v -11.584717 98.006004 20.697281
v -11.584717 102.506004 20.697279
v -11.409454 102.506004 21.159376
v -11.409454 98.006004 21.159378
v -11.349884 102.506004 21.649961
v -11.349884 98.006004 21.649963
v -15.449890 98.006004 31.649963
v -15.390320 98.006004 31.159378
v -15.449890 102.506004 31.649961
v -15.390320 102.506004 31.159376
v -15.215088 98.006004 30.697281
v -15.215088 102.506004 30.697279
v -14.934357 98.006004 30.290573
v -14.934357 102.506004 30.290571
v -14.564423 98.006004 29.962860
v -14.564423 102.506004 29.962858
v -14.126831 98.006004 29.733185
v -14.126831 102.506004 29.733183
v -13.647003 98.006004 29.614914
v -13.647003 102.506004 29.614912
v -13.152802 98.006004 29.614914
v -13.152802 102.506004 29.614912
v -12.672974 98.006004 29.733185
v -12.672974 102.506004 29.733183
v -12.235352 98.006004 29.962860
v -12.235352 102.506004 29.962858
v -11.865448 102.506004 30.290571
v -11.865448 98.006004 30.290573
v -11.584717 102.506004 30.697279
v -11.584717 98.006004 30.697281
v -11.409454 98.006004 31.159378
v -11.409454 102.506004 31.159376
v -11.349884 98.006004 31.649963
v -11.349884 102.506004 31.649961
v -8.499908 118.506004 26.149958
v -7.619934 119.233192 26.149958
v -7.341522 118.922760 26.149958
v -7.004791 118.676796 26.149958
v -7.827911 119.594604 26.149958
v -6.624390 118.506004 26.149958
v -7.956421 119.991295 26.149958
v -7.999908 120.406006 26.149958
v 6.605011 118.676796 26.149958
v 8.100098 118.506004 26.149958
v 6.224609 118.506004 26.149958
v 6.941742 118.922760 26.149958
v 7.220123 119.233192 26.149958
v 7.428101 119.594604 26.149958
v 7.556641 119.991295 26.149958
v 7.600098 120.406006 26.149958
v -7.999908 135.506012 26.149956
v -8.499908 137.164322 26.149956
v -7.949768 135.951050 26.149956
v -7.801849 136.373779 26.149956
v -7.563568 136.752991 26.149956
v -8.020172 137.723770 26.149956
v -7.246887 137.069672 26.149956
v -7.418549 138.149384 26.149956
v -6.867676 137.307953 26.149956
v -6.731293 138.415482 26.149956
v -6.444946 137.455872 26.149956
v -5.999908 138.506012 26.149956
v -5.999908 137.506012 26.149956
v 5.600098 137.506012 26.149956
v 5.600098 138.506012 26.149956
v 6.045135 137.455872 26.149956
v 6.331482 138.415482 26.149956
v 6.467865 137.307953 26.149956
v 7.018738 138.149384 26.149956
v 6.847076 137.069672 26.149956
v 7.163757 136.752991 26.149956
v 8.100098 137.164322 26.149956
v 7.402039 136.373779 26.149956
v 7.549957 135.951050 26.149956
v 7.600098 135.506012 26.149956
v 7.620392 137.723770 26.149956
v 7.563477 117.020012 27.445475
v 7.478790 117.006004 27.649958
v -8.499908 117.006004 27.649958
v -8.499908 117.043617 27.316187
v 7.650543 117.064461 27.235300
v -8.499908 117.154556 26.999140
v 7.774048 117.186226 26.937098
v -8.499908 117.333260 26.714731
v 7.887238 117.375671 26.663889
v -8.499908 117.570770 26.477213
v 7.980957 117.622688 26.437632
v -8.499908 117.855179 26.298517
v -6.176575 118.413727 26.152674
v -8.499908 118.172226 26.187571
v -5.999908 118.406006 26.153299
v -6.350800 118.436874 26.151361
v 8.048676 117.908493 26.274103
v 8.087891 118.210144 26.179438
v 5.600098 118.406006 26.153299
v 5.881622 118.425758 26.151911
v 6.054352 118.458168 26.150599
v -9.399902 98.006004 19.007675
v -11.230469 98.006004 17.658813
v -12.019806 98.006004 17.193115
v -12.887085 98.006004 16.897003
v -13.796387 98.006004 16.782730
v -14.709991 98.006004 16.855057
v -11.409454 98.006004 22.140564
v -15.589996 98.006004 17.110977
v -16.399902 98.006004 17.539886
v -11.865448 98.006004 23.009369
v -12.235352 98.006004 23.337082
v -12.672974 98.006004 23.566757
v -11.584717 98.006004 22.602646
v -13.152802 98.006004 23.685028
v -13.647003 98.006004 23.685028
v -14.126831 98.006004 23.566757
v -14.564423 98.006004 23.337082
v -14.934357 98.006004 23.009369
v -15.215088 98.006004 22.602646
v -15.390320 98.006004 22.140564
v -11.761810 98.006004 27.509705
v -12.015167 98.006004 27.876740
v -12.348969 98.006004 28.172485
v -11.603668 98.006004 27.092697
v -12.743866 98.006004 28.379745
v -13.176910 98.006004 28.486481
v -13.622894 98.006004 28.486481
v -14.055908 98.006004 28.379745
v -9.399902 98.006004 34.025528
v -11.409454 98.006004 32.140564
v -14.450806 98.006004 28.172485
v -11.584717 98.006004 32.602646
v -14.784637 98.006004 27.876740
v -9.452271 98.006004 34.480255
v -11.865448 98.006004 33.009369
v -9.606689 98.006004 34.911163
v -9.855011 98.006004 35.295685
v -15.037994 98.006004 27.509705
v -12.235352 98.006004 33.337082
v -10.184265 98.006004 35.613678
v -15.196136 98.006004 27.092697
v -10.577179 98.006004 35.848480
v -11.013214 98.006004 35.987793
v -11.469482 98.006004 36.024323
v -11.922119 98.006004 35.956146
v -12.672974 98.006004 33.566757
v -13.056885 98.006004 35.612793
v -13.152802 98.006004 33.685028
v -16.399902 98.006004 32.919876
v -15.390320 98.006004 32.140564
v -15.215088 98.006004 32.602646
v -13.647003 98.006004 33.685028
v -14.169281 98.006004 35.202820
v -14.126831 98.006004 33.566757
v -16.349152 98.006004 33.367554
v -14.934357 98.006004 33.009369
v -15.255463 98.006004 34.727646
v -14.564423 98.006004 33.337082
v -16.199493 98.006004 33.792526
v -15.638397 98.006004 34.490265
v -15.958496 98.006004 34.173203
v -16.399902 97.556007 17.539886
v -16.399902 97.556007 32.919876
v -9.399902 97.556007 34.025528
v -9.399902 97.556007 19.007675
v 7.600098 97.306007 36.649963
v -7.999908 103.506004 36.649963
v -13.899902 97.306007 36.649963
v -13.899902 103.506004 36.649963
v 7.600098 132.506012 36.649952
v -7.999908 132.506012 36.649952
v -8.241547 107.006004 21.600142
v -8.499908 107.006004 22.270933
v -8.056610 107.006004 21.440229
v -8.382141 107.006004 21.800154
v -8.470001 107.006004 22.028288
v -7.838409 107.006004 21.329969
v -7.355560 107.006004 21.281401
v -7.599976 107.006004 21.275953
v -7.119751 107.006004 21.346006
v -6.906708 107.006004 21.465879
v -8.499908 107.006004 25.149961
v -1.906952 107.006004 25.149961
v -11.409454 102.506004 32.140564
v -11.584717 102.506004 32.602646
v -11.865448 102.506004 33.009369
v -12.235352 102.506004 33.337082
v -12.672974 102.506004 33.566757
v -13.152802 102.506004 33.685028
v -13.647003 102.506004 33.685028
v -14.126831 102.506004 33.566757
v -14.564423 102.506004 33.337082
v -14.934357 102.506004 33.009369
v -15.215088 102.506004 32.602646
v -15.390320 102.506004 32.140564
v -11.409454 102.506004 22.140562
v -11.584717 102.506004 22.602644
v -11.865448 102.506004 23.009367
v -12.235352 102.506004 23.337080
v -12.672974 102.506004 23.566755
v -13.152802 102.506004 23.685026
v -13.647003 102.506004 23.685026
v -14.126831 102.506004 23.566755
v -14.564423 102.506004 23.337080
v -14.934357 102.506004 23.009367
v -15.215088 102.506004 22.602644
v -15.390320 102.506004 22.140562
v -7.806763 104.006004 20.802656
v -11.527069 104.006004 18.061338
v -8.129974 104.006004 20.909681
v -12.289154 104.006004 17.620192
v -8.847351 104.006004 21.611845
v -8.664001 104.006004 21.324965
v -8.420715 104.006004 21.086821
v -13.129272 104.006004 17.356474
v -8.999908 104.006004 22.270933
v -8.961273 104.006004 21.932676
v -14.006744 104.006004 17.282972
v -9.758881 104.006004 22.547407
v -14.879028 104.006004 17.403227
v -15.703888 104.006004 17.711439
v -10.079437 104.006004 23.392683
v -16.441315 104.006004 18.192656
v -17.055573 104.006004 18.823545
v -17.516907 104.006004 19.573561
v -17.802979 104.006004 20.406340
v -17.899902 104.006004 21.281538
v -17.040924 104.006004 22.547407
v -10.592987 104.006004 24.136671
v -11.269653 104.006004 24.736158
v -16.720367 104.006004 23.392683
v -12.070129 104.006004 25.156279
v -12.947876 104.006004 25.372633
v -13.851898 104.006004 25.372633
v -14.729675 104.006004 25.156279
v -15.530151 104.006004 24.736158
v -8.999908 104.006004 35.649963
v -9.758881 104.006004 32.547409
v -10.079437 104.006004 33.392685
v -10.592987 104.006004 34.136673
v -16.206818 104.006004 24.136671
v -11.269653 104.006004 34.736160
v -12.070129 104.006004 35.156281
v -8.499908 104.006004 36.149963
v -13.899902 104.006004 36.149963
v -12.947876 104.006004 35.372635
v -13.851898 104.006004 35.372635
v -17.899902 104.006004 32.149963
v -17.040924 104.006004 32.547409
v -17.799622 104.006004 33.040054
v -16.720367 104.006004 33.392685
v -14.789978 104.006004 36.049683
v -14.729675 104.006004 35.156281
v -17.503784 104.006004 33.885498
v -15.635437 104.006004 35.753845
v -15.530151 104.006004 34.736160
v -17.027222 104.006004 34.643921
v -16.206818 104.006004 34.136673
v -16.393860 104.006004 35.277298
v -18.399902 97.306007 32.149963
v -18.399902 103.506004 21.281538
v -18.399902 97.306007 21.281540
v -18.399902 103.506004 32.149963
v 8.600098 117.303711 27.502832
v 8.600098 118.506004 26.649958
v 8.600098 117.092941 28.059610
v 8.600098 117.568390 27.115458
v 8.600098 117.855110 26.860086
v 8.600098 118.131836 26.717020
v 8.600098 118.321480 26.666071
v 8.600098 117.006004 28.771280
v 8.600098 117.006004 30.407801
v 8.600098 116.982521 30.736261
v 8.600098 97.306007 32.271042
v 8.600098 115.506004 32.271038
v 8.600098 97.306007 35.649963
v 8.600098 135.506012 26.649956
v 8.600098 132.506012 35.649952
v 8.600098 115.781792 32.239285
v 8.600098 116.063797 32.137432
v 8.600098 116.334679 31.960901
v 8.600098 116.575592 31.714136
v 8.600098 116.770004 31.411051
v 8.600098 116.907288 31.072580
v 8.600098 134.585815 35.196873
v 8.600098 133.570297 35.535374
v 8.600098 135.506012 34.649952
v -9.149902 97.306007 19.191895
v -11.230469 103.506004 17.658812
v -6.610077 103.506004 21.063353
v -6.610077 106.506004 21.063353
v -1.610352 106.506004 24.747450
v -0.079620 106.623283 25.875364
v 1.243866 106.923996 26.850569
v 2.441437 107.387337 27.733000
v 3.487823 107.988869 28.504042
v 4.338348 108.684425 29.130751
v 4.995575 109.445953 29.615049
v 5.392700 110.102859 29.907667
v 5.669708 110.792053 30.111784
v 5.853821 115.506004 30.247446
v 5.853821 112.006004 30.247450
v 5.807556 111.394615 30.213346
v -17.040924 102.506004 22.547407
v -16.720367 102.506004 23.392683
v -16.206818 102.506004 24.136671
v -15.530151 102.506004 24.736158
v -14.729675 102.506004 25.156279
v -13.851898 102.506004 25.372633
v -12.947876 102.506004 25.372633
v -12.070129 102.506004 25.156279
v -11.269653 102.506004 24.736158
v -10.592987 102.506004 24.136671
v -10.079437 102.506004 23.392683
v -9.758881 102.506004 22.547407
v -17.040924 102.506004 32.547409
v -16.720367 102.506004 33.392685
v -16.206818 102.506004 34.136673
v -15.530151 102.506004 34.736160
v -14.729675 102.506004 35.156281
v -13.851898 102.506004 35.372635
v -12.947876 102.506004 35.372635
v -12.070129 102.506004 35.156281
v -11.269653 102.506004 34.736160
v -10.592987 102.506004 34.136673
v -10.079437 102.506004 33.392685
v -9.758881 102.506004 32.547409
v -14.901245 103.506004 36.537140
v -14.901245 97.306007 36.537140
v -15.852386 103.506004 36.204330
v -15.852386 97.306007 36.204330
v -16.705597 103.506004 35.668213
v -16.705597 97.306007 35.668213
v -17.418152 103.506004 34.955673
v -17.418152 97.306007 34.955673
v -17.954254 97.306007 34.102448
v -17.954254 103.506004 34.102448
v -18.287079 103.506004 33.151306
v -18.287079 97.306007 33.151306
v -11.943481 98.356010 27.008942
v -11.943481 100.706009 27.008942
v -12.071716 98.356010 27.347061
v -12.071716 100.706009 27.347061
v -12.277130 98.356010 27.644653
v -12.277130 100.706009 27.644653
v -12.547791 98.356010 27.884445
v -12.547791 100.706009 27.884445
v -12.867981 98.356010 28.052490
v -12.867981 100.706009 28.052490
v -13.219086 98.356010 28.139038
v -13.219086 100.706009 28.139038
v -13.580719 98.356010 28.139038
v -13.580719 100.706009 28.139038
v -13.931793 98.356010 28.052490
v -13.931793 100.706009 28.052490
v -14.251984 98.356010 27.884445
v -14.251984 100.706009 27.884445
v -14.522675 98.356010 27.644653
v -14.522675 100.706009 27.644653
v -14.728088 98.356010 27.347061
v -14.728088 100.706009 27.347061
v -14.856323 98.356010 27.008942
v -14.856323 100.706009 27.008942
v -8.999908 108.950371 29.723051
v -8.999908 108.116920 29.039061
v -8.999908 107.432922 28.205610
v -8.999908 109.901245 30.231306
v -8.999908 106.924667 27.254728
v -8.999908 110.933014 30.544294
v -8.999908 106.611687 26.222960
v -8.999908 112.006004 30.649961
v -8.999908 106.506004 25.149961
v -8.999908 106.506004 22.270933
v -8.999908 115.506004 30.649958
v -8.999908 115.951050 30.599817
v -8.999908 117.506004 27.649958
v -8.999908 117.605042 27.216074
v -8.999908 117.531082 27.427439
v -8.999908 117.724174 27.026468
v -8.999908 118.072121 26.749002
v -8.999908 117.882515 26.868128
v -8.999908 118.283485 26.675043
v -8.999908 117.455864 29.095011
v -8.999908 118.506004 26.649958
v -8.999908 117.506004 28.649958
v -8.999908 117.307945 29.517725
v -8.999908 132.506012 35.649952
v -8.999908 117.069672 29.896936
v -8.999908 116.752991 30.213633
v -8.999908 116.373772 30.451899
v -8.999908 133.570297 35.535374
v -8.999908 135.506012 34.649952
v -8.999908 134.585815 35.196873
v -8.999908 135.506012 26.649956
v 5.600098 138.506012 30.649956
v -5.999908 138.506012 30.649956
v 6.214508 117.006004 28.649958
v -8.499908 117.006004 28.649958
v -8.499908 115.506004 30.149958
v 5.557220 115.506004 30.149958
v -8.499908 112.006004 30.149961
v 5.557220 112.006004 30.149961
v 8.373596 136.649582 26.423454
v 8.531525 136.143799 26.581383
v 8.583069 135.825150 26.632942
v -18.290863 103.506004 20.296949
v -18.283112 97.306007 20.262955
v -17.969055 103.506004 19.360060
v -17.938782 97.306007 19.297226
v -17.450043 103.506004 18.516294
v -17.384796 97.306007 18.434509
v -16.758972 103.506004 17.806532
v -16.649902 97.306007 17.719589
v -15.929382 103.506004 17.265181
v -15.001434 103.506004 16.918440
v -14.020111 103.506004 16.783140
v -13.032959 103.506004 16.865843
v -12.087799 103.506004 17.162519
v 5.860199 115.786827 30.219187
v 5.879120 116.057739 30.135447
v 5.909821 116.308685 29.999460
v 5.951233 116.531219 29.816065
v 6.001770 116.717308 29.592188
v 6.059723 116.860863 29.335505
v 6.122681 116.956589 29.056635
v 6.168182 116.993591 28.855097
v 5.568695 115.785225 30.123743
v -8.499908 115.839790 30.112360
v 5.603027 116.056190 30.045420
v -8.499908 116.156830 30.001413
v 5.670288 116.347130 29.891947
v -8.499908 116.441246 29.822718
v 5.774597 116.620529 29.653879
v -8.499908 116.678757 29.585199
v 5.904724 116.828957 29.356943
v -8.499908 116.857460 29.300791
v 6.053314 116.960197 29.017832
v -8.499908 116.968399 28.983744
v 5.492340 111.348412 30.106520
v -8.499908 111.030556 30.053892
v 5.298492 110.701042 29.976652
v -8.499908 110.092590 29.769361
v 4.979675 110.077515 29.763090
v 4.541626 109.488022 29.469664
v -8.499908 109.228157 29.307310
v 3.990875 108.941444 29.100721
v -8.499908 108.470474 28.685499
v 3.099884 108.297745 28.503889
v -8.499908 107.848656 27.927824
v 1.910675 107.709480 27.707273
v -8.499908 107.386612 27.063383
v 0.513184 107.276123 26.771147
v -8.499908 107.102081 26.125425
v -0.666504 107.075539 25.980925
v -8.955078 106.506004 21.906965
v -8.823273 106.506004 21.564756
v -8.612366 106.506004 21.264753
v -8.334961 106.506004 21.024885
v -8.007660 106.506004 20.859495
v -7.650024 106.506004 20.778471
v -7.602081 103.861839 20.774412
v -7.283386 106.506004 20.786650
v -7.391296 103.737183 20.774870
v -7.180603 103.636703 20.805311
v -6.929688 106.506004 20.883543
v -6.976349 103.563805 20.865278
v -6.784485 103.520241 20.952528
v 5.707977 115.653030 30.191248
v 5.727448 115.941437 30.132013
v 5.765625 116.213097 30.015818
v 5.821045 116.457596 29.847147
v 5.891602 116.665520 29.632471
v 5.974579 116.828888 29.380030
v 6.066742 116.941414 29.099543
v 6.164612 116.998779 28.801767
v -8.816132 136.539825 26.466209
v -8.954071 136.028336 26.604149
v -8.675476 136.862946 26.325539
v 6.245392 138.435791 31.332558
v 6.856079 138.230438 31.992851
v 7.425964 137.886383 32.639973
v 7.931152 137.394455 33.269352
v 8.335724 136.737427 33.874928
v 8.527832 136.160553 34.281956
v -6.715576 138.419388 31.407631
v -7.380951 138.169220 32.131443
v -7.969330 137.769043 32.811390
v -8.362732 137.354523 33.312153
v -8.686157 136.841705 33.790699
v -8.913269 136.221725 34.242939
v 7.600098 133.467102 36.572483
v -7.999908 133.467102 36.572483
v -7.999908 134.403381 36.342060
v 7.600098 134.403381 36.342060
v -7.999908 135.290649 35.964634
v 7.600098 135.290649 35.964634
v 7.600098 136.106003 35.449955
v -7.999908 136.106003 35.449955
v -7.933411 136.719742 34.921314
v 7.508881 136.822586 34.817341
v -7.760834 137.243851 34.331379
v 7.277557 137.412888 34.102863
v -7.418762 137.797470 33.478458
v 6.884796 137.945389 33.182362
v -6.928131 138.231857 32.442905
v 6.402557 138.304352 32.192448
v -6.481293 138.435440 31.567467
v 6.010986 138.454819 31.432076
v 7.941193 136.753311 34.347233
v 7.554504 137.489655 33.552326
v 7.034729 138.017212 32.704823
v 6.444946 138.347153 31.836128
v 5.857788 138.491623 31.008781
v -8.340973 136.753311 34.347233
v -7.954315 137.489655 33.552326
v -7.434509 138.017212 32.704823
v -6.844757 138.347153 31.836128
v -6.299652 138.486526 31.067482
v 5.600098 137.506012 27.149956
v 6.045135 137.455872 27.149956
v 6.467865 137.307953 27.149956
v 6.847076 137.069672 27.149956
v 7.163757 136.752991 27.149956
v 7.402039 136.373779 27.149956
v 7.549957 135.951050 27.149956
v 7.600098 135.506012 27.149956
v -5.999908 137.506012 27.149956
v -7.999908 135.506012 27.149956
v -7.949768 135.951050 27.149956
v -7.801849 136.373779 27.149956
v -7.563568 136.752991 27.149956
v -7.246887 137.069672 27.149956
v -6.867676 137.307953 27.149956
v -6.444946 137.455872 27.149956
v -7.999908 120.406006 27.149958
v 7.600098 120.406006 27.149958
v 6.467865 118.604073 27.149958
v 7.163757 119.159027 27.149958
v 6.847076 118.842346 27.149958
v 7.549957 119.960968 27.149958
v 7.402039 119.538239 27.149958
v 5.600098 118.406006 27.149958
v 6.045135 118.456154 27.149958
v -7.246887 118.842346 27.149958
v -6.444946 118.456154 27.149958
v -6.867676 118.604073 27.149958
v -7.801849 119.538239 27.149958
v -5.999908 118.406006 27.149958
v -7.563568 119.159027 27.149958
v -7.949768 119.960968 27.149958
v -16.649902 97.306007 32.919876
v -16.592804 97.306007 33.423523
v -16.424438 97.306007 33.901596
v -16.153320 97.306007 34.329865
v -15.793213 97.306007 34.686569
v -15.362396 97.306007 34.953613
v -14.262665 97.306007 35.434723
v -13.136322 97.306007 35.849838
v -11.987396 97.306007 36.197464
v -11.478180 97.306007 36.274170
v -9.149902 97.306007 34.025528
v -10.032318 97.306007 35.812195
v -9.661896 97.306007 35.454453
v -9.382538 97.306007 35.021881
v -9.208832 97.306007 34.537094
v -10.964874 97.306007 36.233078
v -10.474335 97.306007 36.076340
v -15.255463 97.556007 34.727646
v -14.169281 97.556007 35.202820
v -13.056885 97.556007 35.612793
v -11.922119 97.556007 35.956146
v -16.349152 97.556007 33.367554
v -16.199493 97.556007 33.792526
v -15.958496 97.556007 34.173203
v -15.638397 97.556007 34.490265
v -11.469482 97.556007 36.024323
v -11.013214 97.556007 35.987793
v -10.577179 97.556007 35.848480
v -10.184265 97.556007 35.613678
v -9.855011 97.556007 35.295685
v -9.606689 97.556007 34.911163
v -9.452271 97.556007 34.480255
v -7.999908 135.506012 25.149956
v -7.999908 120.506004 25.149958
v -7.999908 135.506012 27.149956
v -7.999908 120.506004 27.149958
v -6.390076 137.467575 27.149956
v -5.999908 137.506012 27.149956
v -5.999908 137.506012 25.149956
v -6.390076 137.467575 25.149956
v -6.765259 137.353775 27.149956
v -6.765259 137.353760 25.149956
v -7.111053 137.168945 27.149956
v -7.111053 137.168945 25.149956
v -7.414124 136.920227 27.149956
v -7.414124 136.920212 25.149956
v -7.662842 136.617157 27.149956
v -7.662842 136.617142 25.149956
v -7.847656 136.271378 25.149956
v -7.847656 136.271378 27.149956
v -7.961456 135.896194 27.149956
v -7.961456 135.896179 25.149956
v 5.600098 137.506012 25.149956
v 5.600098 137.506012 27.149956
v 7.561676 135.896194 27.149956
v 7.600098 135.506012 27.149956
v 7.600098 135.506012 25.149956
v 7.561676 135.896179 25.149956
v 7.447845 136.271378 27.149956
v 7.447845 136.271378 25.149956
v 7.263031 136.617157 27.149956
v 7.263031 136.617142 25.149956
v 7.014313 136.920227 27.149956
v 7.014313 136.920212 25.149956
v 6.711243 137.168945 27.149956
v 6.711243 137.168945 25.149956
v 6.365479 137.353775 27.149956
v 6.365479 137.353760 25.149956
v 5.990295 137.467575 25.149956
v 5.990295 137.467575 27.149956
v 7.600098 120.506004 25.149958
v 7.600098 120.506004 27.149958
v -5.999908 118.506004 25.149958
v 5.600098 118.506004 25.149958
v -5.999908 118.506004 27.149958
v 5.600098 118.506004 27.149958
v 7.263031 119.394867 25.149958
v 7.014313 119.091797 25.149958
v 6.711243 118.843071 25.149958
v 6.365479 118.658249 25.149958
v 7.561676 120.115829 25.149958
v 7.447845 119.740639 25.149958
v 5.990295 118.544434 25.149958
v -6.765259 118.658249 25.149958
v -6.390076 118.544434 25.149958
v -7.414124 119.091797 25.149958
v -7.111053 118.843071 25.149958
v -7.847656 119.740639 25.149958
v -7.662842 119.394867 25.149958
v -7.961456 120.115829 25.149958
v 7.014313 119.091797 27.149958
v 6.365479 118.658249 27.149958
v 6.711243 118.843071 27.149958
v 7.263031 119.394867 27.149958
v 7.447845 119.740639 27.149958
v 5.990295 118.544434 27.149958
v 7.561676 120.115829 27.149958
v -6.765259 118.658249 27.149958
v -6.390076 118.544434 27.149958
v -7.414124 119.091797 27.149958
v -7.111053 118.843071 27.149958
v -7.662842 119.394867 27.149958
v -7.847656 119.740639 27.149958
v -7.961456 120.115829 27.149958
v -11.433960 92.706009 31.282471
v -11.599884 92.506012 31.649963
v -11.634491 92.506012 31.298813
v -11.399902 92.706009 31.649963
v -11.534943 92.706009 30.927490
v -11.736908 92.506012 30.961136
v -11.699463 92.706009 30.597107
v -11.903259 92.506012 30.649948
v -11.921875 92.706009 30.302582
v -12.127106 92.506012 30.377182
v -12.194641 92.706009 30.053940
v -12.399872 92.506012 30.153320
v -12.508423 92.706009 29.859650
v -12.711060 92.506012 29.986984
v -12.852570 92.706009 29.726318
v -13.048737 92.506012 29.884552
v -13.215363 92.706009 29.658508
v -13.399902 92.506012 29.849976
v -13.584442 92.706009 29.658508
v -13.751068 92.506012 29.884552
v -13.947235 92.706009 29.726318
v -14.088715 92.506012 29.986984
v -14.291382 92.706009 29.859650
v -14.399933 92.506012 30.153320
v -14.605164 92.706009 30.053940
v -14.672699 92.506012 30.377182
v -14.877930 92.706009 30.302582
v -14.896545 92.506012 30.649948
v -15.100342 92.706009 30.597107
v -15.062897 92.506012 30.961136
v -15.264832 92.706009 30.927490
v -15.165314 92.506012 31.298813
v -15.365845 92.706009 31.282471
v -15.199890 92.506012 31.649963
v -15.399902 92.706009 31.649963
v -11.399902 102.506004 31.649961
v -11.433960 102.506004 31.282469
v -11.534943 102.506004 30.927488
v -11.699463 102.506004 30.597105
v -11.921875 102.506004 30.302580
v -12.194641 102.506004 30.053938
v -12.508423 102.506004 29.859648
v -12.852570 102.506004 29.726316
v -13.215363 102.506004 29.658506
v -13.584442 102.506004 29.658506
v -13.947235 102.506004 29.726316
v -14.291382 102.506004 29.859648
v -14.605164 102.506004 30.053938
v -14.877930 102.506004 30.302580
v -15.100342 102.506004 30.597105
v -15.264832 102.506004 30.927488
v -15.365845 102.506004 31.282469
v -15.399902 102.506004 31.649961
v -9.899902 106.506004 31.649961
v -9.899902 102.506004 31.649961
v -9.935516 102.506004 31.151869
v -9.935516 106.506004 31.151869
v -10.041687 102.506004 30.663908
v -10.041687 106.506004 30.663908
v -10.216187 102.506004 30.196012
v -10.216187 106.506004 30.196012
v -10.455505 102.506004 29.757719
v -10.455505 106.506004 29.757719
v -10.754761 102.506004 29.357954
v -10.754761 106.506004 29.357954
v -11.107880 102.506004 29.004850
v -11.107880 106.506004 29.004850
v -11.507660 102.506004 28.705580
v -11.507660 106.506004 28.705580
v -11.945953 102.506004 28.466261
v -11.945953 106.506004 28.466261
v -12.413849 102.506004 28.291746
v -12.413849 106.506004 28.291746
v -12.901794 102.506004 28.185591
v -12.901794 106.506004 28.185591
v -13.399902 102.506004 28.149961
v -13.399902 106.506004 28.149961
v -13.898010 102.506004 28.185591
v -13.898010 106.506004 28.185591
v -14.385956 106.506004 28.291746
v -14.385956 102.506004 28.291746
v -14.853851 102.506004 28.466261
v -14.853851 106.506004 28.466261
v -15.292145 106.506004 28.705580
v -15.292145 102.506004 28.705580
v -15.691925 102.506004 29.004850
v -15.691925 106.506004 29.004850
v -16.045013 106.506004 29.357954
v -16.045013 102.506004 29.357954
v -16.344299 102.506004 29.757719
v -16.344299 106.506004 29.757719
v -16.583618 106.506004 30.196012
v -16.583618 102.506004 30.196012
v -16.758118 106.506004 30.663908
v -16.758118 102.506004 30.663908
v -16.864288 102.506004 31.151869
v -16.864288 106.506004 31.151869
v -16.899902 102.506004 31.649961
v -16.899902 106.506004 31.649961
v -11.921875 102.506004 32.997360
v -10.754761 102.506004 33.941986
v -11.107880 102.506004 34.295090
v -12.194641 102.506004 33.246002
v -11.507660 102.506004 34.594360
v -11.699463 102.506004 32.702835
v -10.216187 102.506004 33.103928
v -10.455505 102.506004 33.542206
v -12.508423 102.506004 33.440292
v -11.945953 102.506004 34.833679
v -11.534943 102.506004 32.372452
v -10.041687 102.506004 32.636032
v -12.852570 102.506004 33.573624
v -12.413849 102.506004 35.008194
v -12.901794 102.506004 35.114349
v -11.433960 102.506004 32.017471
v -9.935516 102.506004 32.148071
v -13.215363 102.506004 33.641434
v -13.399902 102.506004 35.149963
v -13.584442 102.506004 33.641434
v -13.898010 102.506004 35.114349
v -13.947235 102.506004 33.573624
v -14.385956 102.506004 35.008194
v -14.853851 102.506004 34.833679
v -14.291382 102.506004 33.440292
v -15.292145 102.506004 34.594360
v -14.605164 102.506004 33.246002
v -15.691925 102.506004 34.295090
v -14.877930 102.506004 32.997360
v -16.045013 102.506004 33.941986
v -15.100342 102.506004 32.702835
v -16.344299 102.506004 33.542206
v -16.583618 102.506004 33.103928
v -15.264832 102.506004 32.372452
v -16.758118 102.506004 32.636032
v -15.365845 102.506004 32.017471
v -16.864288 102.506004 32.148071
v -16.864288 106.506004 32.148071
v -16.758118 106.506004 32.636032
v -16.583618 106.506004 33.103928
v -16.344299 106.506004 33.542206
v -16.045013 106.506004 33.941986
v -15.691925 106.506004 34.295090
v -15.292145 106.506004 34.594360
v -14.853851 106.506004 34.833679
v -14.385956 106.506004 35.008194
v -13.898010 106.506004 35.114349
v -13.399902 106.506004 35.149963
v -12.901794 106.506004 35.114349
v -12.413849 106.506004 35.008194
v -11.945953 106.506004 34.833679
v -11.507660 106.506004 34.594360
v -11.107880 106.506004 34.295090
v -10.754761 106.506004 33.941986
v -10.455505 106.506004 33.542206
v -10.216187 106.506004 33.103928
v -10.041687 106.506004 32.636032
v -9.935516 106.506004 32.148071
v -15.365845 92.706009 32.017471
v -15.264832 92.706009 32.372452
v -15.100342 92.706009 32.702835
v -14.877930 92.706009 32.997360
v -14.605164 92.706009 33.246002
v -14.291382 92.706009 33.440292
v -13.947235 92.706009 33.573624
v -13.584442 92.706009 33.641434
v -13.215363 92.706009 33.641434
v -12.852570 92.706009 33.573624
v -12.508423 92.706009 33.440292
v -12.194641 92.706009 33.246002
v -11.921875 92.706009 32.997360
v -11.699463 92.706009 32.702835
v -11.534943 92.706009 32.372452
v -11.433960 92.706009 32.017471
v -12.399872 92.506012 33.146622
v -11.903259 92.506012 32.649994
v -12.127106 92.506012 32.922760
v -13.399902 92.506012 33.449966
v -12.711060 92.506012 33.312958
v -13.048737 92.506012 33.415390
v -13.751068 92.506012 33.415390
v -11.634491 92.506012 32.001129
v -14.399933 92.506012 33.146622
v -14.088715 92.506012 33.312958
v -15.165314 92.506012 32.001129
v -14.672699 92.506012 32.922760
v -14.896545 92.506012 32.649994
v -15.062897 92.506012 32.338806
v -11.736908 92.506012 32.338806
v -11.433960 92.706001 21.282471
v -11.599884 92.506012 21.649963
v -11.634491 92.506012 21.298813
v -11.399902 92.706001 21.649963
v -11.534943 92.706001 20.927490
v -11.736908 92.506012 20.961136
v -11.699463 92.706001 20.597107
v -11.903259 92.506012 20.649948
v -11.921875 92.706001 20.302582
v -12.127106 92.506004 20.377182
v -12.194641 92.706001 20.053940
v -12.399872 92.506004 20.153320
v -12.508423 92.706001 19.859650
v -12.711060 92.506004 19.986984
v -12.852570 92.706001 19.726318
v -13.048737 92.506004 19.884552
v -13.215363 92.706001 19.658508
v -13.399902 92.506004 19.849976
v -13.584442 92.706001 19.658508
v -13.751068 92.506004 19.884552
v -13.947235 92.706001 19.726318
v -14.088715 92.506004 19.986984
v -14.291382 92.706001 19.859650
v -14.399933 92.506004 20.153320
v -14.605164 92.706001 20.053940
v -14.672699 92.506004 20.377182
v -14.877930 92.706001 20.302582
v -14.896545 92.506012 20.649948
v -15.100342 92.706001 20.597107
v -15.062897 92.506012 20.961136
v -15.264832 92.706001 20.927490
v -15.165314 92.506012 21.298813
v -15.365845 92.706001 21.282471
v -15.199890 92.506012 21.649963
v -15.399902 92.706001 21.649963
v -11.399902 102.506004 21.649961
v -11.433960 102.506004 21.282469
v -11.534943 102.506004 20.927488
v -11.699463 102.506004 20.597105
v -11.921875 102.506004 20.302580
v -12.194641 102.506004 20.053938
v -12.508423 102.506004 19.859648
v -12.852570 102.506004 19.726316
v -13.215363 102.506004 19.658506
v -13.584442 102.506004 19.658506
v -13.947235 102.506004 19.726316
v -14.291382 102.506004 19.859648
v -14.605164 102.506004 20.053938
v -14.877930 102.506004 20.302580
v -15.100342 102.506004 20.597105
v -15.264832 102.506004 20.927488
v -15.365845 102.506004 21.282469
v -15.399902 102.506004 21.649961
v -9.899902 106.506004 21.649961
v -9.899902 102.506004 21.649961
v -9.935516 102.506004 21.151869
v -9.935516 106.506004 21.151869
v -10.041687 102.506004 20.663908
v -10.041687 106.506004 20.663908
v -10.216187 102.506004 20.196012
v -10.216187 106.506004 20.196012
v -10.455505 102.506004 19.757719
v -10.455505 106.506004 19.757719
v -10.754761 102.506004 19.357954
v -10.754761 106.506004 19.357954
v -11.107880 102.506004 19.004850
v -11.107880 106.506004 19.004850
v -11.507660 102.506004 18.705580
v -11.507660 106.506004 18.705580
v -11.945953 102.506004 18.466261
v -11.945953 106.506004 18.466261
v -12.413849 102.506004 18.291746
v -12.413849 106.506004 18.291746
v -12.901794 102.506004 18.185591
v -12.901794 106.506004 18.185591
v -13.399902 102.506004 18.149961
v -13.399902 106.506004 18.149961
v -13.898010 106.506004 18.185591
v -13.898010 102.506004 18.185591
v -14.385956 106.506004 18.291746
v -14.385956 102.506004 18.291746
v -14.853851 106.506004 18.466261
v -14.853851 102.506004 18.466261
v -15.292145 102.506004 18.705580
v -15.292145 106.506004 18.705580
v -15.691925 102.506004 19.004850
v -15.691925 106.506004 19.004850
v -16.045013 106.506004 19.357954
v -16.045013 102.506004 19.357954
v -16.344299 106.506004 19.757719
v -16.344299 102.506004 19.757719
v -16.583618 106.506004 20.196012
v -16.583618 102.506004 20.196012
v -16.758118 102.506004 20.663908
v -16.758118 106.506004 20.663908
v -16.864288 106.506004 21.151869
v -16.864288 102.506004 21.151869
v -16.899902 102.506004 21.649961
v -16.899902 106.506004 21.649961
v -11.921875 102.506004 22.997358
v -10.754761 102.506004 23.941984
v -11.107880 102.506004 24.295088
v -12.194641 102.506004 23.246000
v -11.507660 102.506004 24.594358
v -11.699463 102.506004 22.702833
v -10.216187 102.506004 23.103926
v -10.455505 102.506004 23.542204
v -12.508423 102.506004 23.440290
v -11.945953 102.506004 24.833677
v -11.534943 102.506004 22.372450
v -10.041687 102.506004 22.636030
v -12.852570 102.506004 23.573622
v -12.413849 102.506004 25.008192
v -12.901794 102.506004 25.114347
v -11.433960 102.506004 22.017469
v -9.935516 102.506004 22.148069
v -13.215363 102.506004 23.641432
v -13.399902 102.506004 25.149961
v -13.584442 102.506004 23.641432
v -13.898010 102.506004 25.114347
v -13.947235 102.506004 23.573622
v -14.385956 102.506004 25.008192
v -14.853851 102.506004 24.833677
v -14.291382 102.506004 23.440290
v -15.292145 102.506004 24.594358
v -14.605164 102.506004 23.246000
v -15.691925 102.506004 24.295088
v -14.877930 102.506004 22.997358
v -16.045013 102.506004 23.941984
v -15.100342 102.506004 22.702833
v -16.344299 102.506004 23.542204
v -16.583618 102.506004 23.103926
v -15.264832 102.506004 22.372450
v -16.758118 102.506004 22.636030
v -15.365845 102.506004 22.017469
v -16.864288 102.506004 22.148069
v -16.864288 106.506004 22.148069
v -16.758118 106.506004 22.636030
v -16.583618 106.506004 23.103926
v -16.344299 106.506004 23.542204
v -16.045013 106.506004 23.941984
v -15.691925 106.506004 24.295088
v -15.292145 106.506004 24.594358
v -14.853851 106.506004 24.833677
v -14.385956 106.506004 25.008192
v -13.898010 106.506004 25.114347
v -13.399902 106.506004 25.149961
v -12.901794 106.506004 25.114347
v -12.413849 106.506004 25.008192
v -11.945953 106.506004 24.833677
v -11.507660 106.506004 24.594358
v -11.107880 106.506004 24.295088
v -10.754761 106.506004 23.941984
v -10.455505 106.506004 23.542204
v -10.216187 106.506004 23.103926
v -10.041687 106.506004 22.636030
v -9.935516 106.506004 22.148069
v -15.365845 92.706001 22.017471
v -15.264832 92.706001 22.372452
v -15.100342 92.706001 22.702835
v -14.877930 92.706001 22.997360
v -14.605164 92.706001 23.246002
v -14.291382 92.706001 23.440292
v -13.947235 92.706001 23.573624
v -13.584442 92.706001 23.641434
v -13.215363 92.706001 23.641434
v -12.852570 92.706001 23.573624
v -12.508423 92.706001 23.440292
v -12.194641 92.706001 23.246002
v -11.921875 92.706001 22.997360
v -11.699463 92.706001 22.702835
v -11.534943 92.706001 22.372452
v -11.433960 92.706001 22.017471
v -11.634491 92.506012 22.001129
v -11.736908 92.506012 22.338806
v -11.903259 92.506012 22.649994
v -12.127106 92.506012 22.922760
v -12.399872 92.506012 23.146622
v -15.062897 92.506012 22.338806
v -14.672699 92.506012 22.922760
v -14.896545 92.506012 22.649994
v -12.711060 92.506012 23.312958
v -13.048737 92.506012 23.415390
v -13.399902 92.506012 23.449966
v -13.751068 92.506012 23.415390
v -14.088715 92.506012 23.312958
v -14.399933 92.506012 23.146622
v -15.165314 92.506012 22.001129
vn -0.0000 -1.0000 -0.0000
vn -0.0000 -1.0000 0.0001
vn -0.0000 1.0000 -0.0000
vn -0.0000 1.0000 -0.0001
vn -0.0000 1.0000 0.0002
vn -0.0000 1.0000 0.0003
vn -1.0000 -0.0000 -0.0000
vn 1.0000 -0.0000 -0.0000
vn 1.0000 -0.0005 -0.0000
vn -0.0000 -1.0000 -0.0001
vn -0.6716 -0.0000 -0.7409
vn -0.6007 -0.0000 -0.7995
vn -0.4433 -0.0003 -0.8964
vn -0.4421 0.0003 -0.8970
vn -0.4439 -0.0000 -0.8961
vn -0.5247 -0.0000 -0.8513
vn -0.4799 -0.0000 -0.8773
vn -0.3581 0.0002 -0.9337
vn -0.3591 0.0004 -0.9333
vn -0.3567 0.0001 -0.9342
vn -0.4416 0.0001 -0.8972
vn -0.4374 0.0025 -0.8993
vn -0.4361 0.0033 -0.8999
vn -0.3559 -0.0000 -0.9345
vn -0.1823 0.0002 -0.9832
vn -0.1810 -0.0001 -0.9835
vn -0.1808 -0.0000 -0.9835
vn -0.2718 0.0002 -0.9624
vn -0.2725 0.0001 -0.9622
vn -0.2711 0.0003 -0.9626
vn -0.2730 -0.0000 -0.9620
vn -0.1828 0.0001 -0.9831
vn -0.1126 -0.0000 -0.9936
vn -0.1869 0.0022 -0.9824
vn -0.1881 0.0029 -0.9822
vn -0.1401 -0.0000 -0.9901
vn -0.0676 -0.0000 -0.9977
vn -0.0226 -0.0000 -0.9997
vn -0.0226 -0.0000 0.9997
vn -0.0440 0.0028 0.9990
vn -0.0676 -0.0001 0.9977
vn -0.1317 0.0028 0.9913
vn -0.1126 0.0001 0.9936
vn -0.1400 -0.0000 0.9901
vn -0.2895 -0.0000 0.9572
vn -0.2891 0.0001 0.9573
vn -0.2896 -0.0000 0.9571
vn -0.2184 0.0017 0.9759
vn -0.1801 -0.0018 0.9836
vn -0.1857 0.0015 0.9826
vn -0.1784 -0.0027 0.9840
vn -0.1881 0.0029 0.9822
vn -0.3487 -0.0004 0.9372
vn -0.3458 -0.0001 0.9383
vn -0.3532 -0.0007 0.9356
vn -0.2730 -0.0017 0.9620
vn -0.4014 0.0002 0.9159
vn -0.4028 0.0005 0.9153
vn -0.4008 -0.0000 0.9162
vn -0.3559 -0.0010 0.9345
vn -0.4035 0.0006 0.9150
vn -0.4658 0.0019 0.8849
vn -0.4382 0.0020 0.8989
vn -0.4435 -0.0015 0.8963
vn -0.4449 -0.0024 0.8956
vn -0.4361 0.0033 0.8999
vn -0.4799 -0.0000 0.8773
vn -0.5394 0.0014 0.8421
vn -0.5247 -0.0021 0.8513
vn -0.6070 0.0002 0.7947
vn -0.6027 -0.0010 0.7980
vn -0.6090 0.0008 0.7932
vn -0.6007 -0.0015 0.7995
vn -0.6736 -0.0002 0.7391
vn -0.6723 -0.0006 0.7403
vn -0.6742 -0.0000 0.7386
vn -0.6716 -0.0008 0.7409
vn -0.0547 0.9939 -0.0962
vn -0.0546 0.9939 -0.0963
vn -0.0549 0.9938 -0.0964
vn -0.1648 0.9431 -0.2888
vn -0.1655 0.9431 -0.2884
vn -0.1660 0.9431 -0.2881
vn -0.0526 0.9938 -0.0977
vn -0.0446 0.9945 -0.0944
vn -0.2662 0.8417 -0.4698
vn -0.2663 0.8420 -0.4692
vn -0.2669 0.8419 -0.4691
vn -0.1645 0.9431 -0.2891
vn -0.1520 0.9430 -0.2959
vn -0.2659 0.8416 -0.4702
vn -0.6183 0.5781 -0.5324
vn -0.0117 0.5512 -0.8343
vn -0.3527 0.6974 -0.6239
vn -0.0488 0.9937 -0.1011
vn -0.1521 0.9430 -0.2960
vn -0.2470 0.8414 -0.4807
vn -0.2470 0.8413 -0.4808
vn -0.0433 0.9938 -0.1027
vn -0.0354 0.9945 -0.0985
vn -0.1373 0.9431 -0.3029
vn -0.3277 0.6971 -0.6377
vn -0.3909 0.5192 -0.7600
vn -0.3906 0.5218 -0.7584
vn -0.3910 0.5179 -0.7608
vn -0.4311 0.3106 -0.8471
vn -0.3905 0.5232 -0.7575
vn -0.2230 0.8415 -0.4921
vn -0.2230 0.8415 -0.4920
vn -0.4514 0.1055 -0.8861
vn -0.4437 0.0359 -0.8955
vn -0.4313 0.3247 -0.8418
vn -0.2959 0.6973 -0.6528
vn -0.3518 0.5235 -0.7760
vn -0.3517 0.5235 -0.7760
vn -0.4103 0.1102 -0.9053
vn -0.3905 0.3249 -0.8614
vn -0.3904 0.3249 -0.8614
vn -0.0388 0.9937 -0.1053
vn -0.1223 0.9430 -0.3095
vn -0.1223 0.9430 -0.3094
vn -0.0334 0.9937 -0.1069
vn -0.0263 0.9944 -0.1020
vn -0.1987 0.8414 -0.5026
vn -0.1987 0.8413 -0.5027
vn -0.1078 0.9431 -0.3146
vn -0.2636 0.6971 -0.6668
vn -0.2635 0.6971 -0.6668
vn -0.3132 0.5233 -0.7925
vn -0.1751 0.8415 -0.5111
vn -0.2323 0.6973 -0.6781
vn -0.2323 0.6974 -0.6780
vn -0.3477 0.3248 -0.8796
vn -0.3477 0.3247 -0.8796
vn -0.3586 0.0487 -0.9322
vn -0.3653 0.1101 -0.9243
vn -0.2762 0.5235 -0.8060
vn -0.3065 0.3249 -0.8947
vn -0.3221 0.1103 -0.9403
vn -0.0922 0.9430 -0.3197
vn -0.0922 0.9430 -0.3198
vn -0.0286 0.9937 -0.1085
vn -0.0230 0.9937 -0.1100
vn -0.0205 0.9941 -0.1068
vn -0.1498 0.8413 -0.5193
vn -0.1498 0.8413 -0.5194
vn -0.0773 0.9431 -0.3234
vn -0.0773 0.9431 -0.3235
vn -0.1988 0.6971 -0.6889
vn -0.1255 0.8415 -0.5255
vn -0.1256 0.8415 -0.5254
vn -0.2362 0.5232 -0.8188
vn -0.2362 0.5231 -0.8188
vn -0.1665 0.6974 -0.6971
vn -0.1665 0.6973 -0.6971
vn -0.1980 0.5235 -0.8287
vn -0.1980 0.5234 -0.8287
vn -0.2705 0.0642 -0.9606
vn -0.2622 0.3247 -0.9087
vn -0.2622 0.3246 -0.9088
vn -0.2755 0.1102 -0.9550
vn -0.2310 0.1102 -0.9667
vn -0.2198 0.3249 -0.9198
vn -0.2198 0.3249 -0.9199
vn -0.0207 0.9937 -0.1104
vn 0.0196 0.9821 -0.1875
vn -0.3324 0.9413 -0.0597
vn -0.0191 0.9359 -0.3517
vn -0.1238 0.9403 -0.3170
vn -0.0613 0.9430 -0.3271
vn -0.0995 0.8413 -0.5314
vn -0.0996 0.8413 -0.5313
vn -0.0730 0.8359 -0.5440
vn -0.1042 0.8412 -0.5306
vn -0.1056 0.8412 -0.5304
vn -0.1018 0.6971 -0.7097
vn -0.1001 0.6965 -0.7105
vn -0.0994 0.6964 -0.7108
vn -0.1322 0.6970 -0.7047
vn -0.1322 0.6970 -0.7048
vn -0.1571 0.5232 -0.8376
vn -0.1025 0.6973 -0.7094
vn -0.1322 0.6971 -0.7047
vn -0.1182 0.5235 -0.8438
vn -0.1182 0.5236 -0.8438
vn -0.1181 0.5235 -0.8438
vn -0.1380 0.1101 -0.9843
vn -0.1313 0.3249 -0.9366
vn -0.1312 0.3249 -0.9366
vn -0.1802 0.0826 -0.9802
vn -0.1312 0.3248 -0.9366
vn -0.1832 0.1101 -0.9769
vn -0.1743 0.3246 -0.9296
vn 0.9934 -0.0000 0.1144
vn 0.8401 -0.0000 0.5425
vn 0.9414 -0.0000 0.3373
vn 0.6947 -0.0000 0.7193
vn 0.5130 -0.0000 0.8584
vn 0.3043 -0.0000 0.9526
vn 0.0798 -0.0000 0.9968
vn -0.1489 -0.0000 0.9888
vn -0.5269 -0.0000 0.8499
vn -0.7037 -0.0000 0.7105
vn -0.8449 -0.0000 0.5349
vn -0.9432 -0.0000 0.3322
vn -0.9936 -0.0000 0.1126
vn -0.7071 -0.7071 -0.0000
vn 0.7071 -0.7071 -0.0000
vn -0.0000 -0.0000 1.0000
vn -0.0000 -0.0000 -1.0000
vn 0.7045 -0.7045 0.0855
vn 0.7045 -0.7045 0.0856
vn 0.6636 -0.7045 0.2517
vn 0.5841 -0.7045 0.4032
vn 0.4706 -0.7045 0.5312
vn 0.3298 -0.7045 0.6284
vn 0.1699 -0.7045 0.6891
vn -0.0000 -0.7045 0.7097
vn -0.1699 -0.7045 0.6891
vn -0.1698 -0.7045 0.6891
vn -0.3298 -0.7045 0.6284
vn -0.4706 -0.7045 0.5312
vn -0.5841 -0.7045 0.4032
vn -0.6636 -0.7045 0.2517
vn -0.7045 -0.7045 0.0855
vn -0.7045 -0.7045 0.0856
vn 0.9927 -0.0000 0.1205
vn 0.9350 -0.0000 0.3546
vn 0.8230 -0.0000 0.5681
vn 0.6631 -0.0000 0.7485
vn 0.4647 -0.0000 0.8855
vn 0.2394 -0.0000 0.9709
vn -0.2393 -0.0000 0.9709
vn -0.4647 -0.0000 0.8855
vn -0.6631 -0.0000 0.7485
vn -0.8230 -0.0000 0.5681
vn -0.9350 -0.0000 0.3546
vn -0.9927 -0.0000 0.1205
vn 0.2393 -0.0000 0.9709
vn 0.4647 -0.0000 0.8854
vn -0.0000 -0.0048 -1.0000
vn -0.0000 -0.0033 -1.0000
vn -0.0000 -0.9977 -0.0683
vn -0.0006 -0.9937 -0.1120
vn -0.0004 -0.9439 -0.3303
vn 0.0002 -0.9784 -0.2068
vn -0.0004 -0.8467 -0.5320
vn 0.0004 -0.9258 -0.3779
vn -0.0004 -0.7071 -0.7071
vn 0.0004 -0.8218 -0.5697
vn -0.0004 -0.5320 -0.8467
vn 0.0004 -0.6755 -0.7373
vn -0.0033 -0.1120 -0.9937
vn -0.0020 -0.1247 -0.9922
vn -0.0015 -0.0681 -0.9977
vn -0.0000 -0.0203 -0.9998
vn -0.0003 -0.3303 -0.9439
vn 0.0003 -0.4967 -0.8679
vn 0.0002 -0.2995 -0.9541
vn -0.0001 -0.1420 -0.9899
vn -0.0002 -0.1345 -0.9909
vn -0.0001 -0.1370 -0.9906
vn -0.0000 -0.1450 -0.9894
vn 0.0027 -0.1004 -0.9949
vn 0.0024 -0.1020 -0.9948
vn 0.0023 -0.1031 -0.9947
vn 0.0007 -0.0443 -0.9990
vn -0.0000 -0.0134 -0.9999
vn 0.0027 -0.0993 -0.9951
vn -0.9927 -0.0000 -0.1205
vn -0.9350 -0.0000 -0.3546
vn -0.8230 -0.0000 -0.5681
vn -0.6631 -0.0000 -0.7485
vn -0.4647 -0.0000 -0.8855
vn -0.2393 -0.0000 -0.9709
vn 0.2393 -0.0000 -0.9709
vn 0.4647 -0.0000 -0.8854
vn 0.8230 -0.0000 -0.5681
vn 0.6631 -0.0000 -0.7485
vn 0.9350 -0.0000 -0.3546
vn 0.9927 -0.0000 -0.1205
vn 0.5932 -0.0000 -0.8050
vn 0.5932 -0.0000 -0.8051
vn 0.4647 -0.0000 -0.8855
vn -0.1120 -0.0000 0.9937
vn -0.3303 -0.0000 0.9439
vn -0.5320 -0.0000 0.8467
vn -0.7071 -0.0000 0.7071
vn -0.8467 -0.0000 0.5320
vn -0.9439 -0.0000 0.3303
vn -0.9937 -0.0000 0.1120
vn -0.2394 -0.0000 -0.9709
vn 0.2394 -0.0000 -0.9709
vn -0.0000 -1.0000 0.0002
vn -1.0000 -0.0013 -0.0000
vn 0.7071 -0.0000 -0.7071
vn 0.7070 0.0005 -0.7072
vn 0.7058 -0.0616 -0.7058
vn 0.6977 -0.1859 -0.6919
vn 0.6966 -0.0995 -0.7105
vn 0.6688 -0.3414 -0.6604
vn 0.6683 -0.3004 -0.6805
vn 0.6047 -0.5297 -0.5948
vn 0.6085 -0.4978 -0.6180
vn 0.5021 -0.7141 -0.4879
vn 0.5157 -0.6768 -0.5253
vn 0.3515 -0.8755 -0.3314
vn 0.3958 -0.8233 -0.4069
vn 0.2620 -0.9266 -0.2698
vn 0.1403 -0.9828 -0.1201
vn 0.1536 -0.9777 -0.1432
vn 0.0483 -0.9977 -0.0483
vn -0.9938 -0.0002 -0.1111
vn -0.9939 -0.0000 -0.1101
vn -0.9936 -0.0004 -0.1128
vn -0.9448 0.0001 -0.3277
vn -0.9458 0.0006 -0.3249
vn -0.9429 -0.0007 -0.3330
vn -0.9935 -0.0006 -0.1139
vn -0.8518 0.0012 -0.5239
vn -0.9419 -0.0012 -0.3358
vn -0.7165 0.0017 -0.6976
vn -0.8415 -0.0017 -0.5403
vn -0.6973 -0.0022 -0.7168
vn -0.5465 0.0049 -0.8375
vn -0.5843 0.0003 -0.8116
vn -0.5846 0.0005 -0.8113
vn -0.5856 0.0011 -0.8106
vn -0.5837 -0.0000 -0.8120
vn -0.3500 0.0047 -0.9367
vn -0.4680 -0.0041 -0.8837
vn -0.1366 0.0042 -0.9906
vn -0.2792 -0.0037 -0.9602
vn 0.0835 0.0035 -0.9965
vn -0.0789 -0.0031 -0.9969
vn 0.2995 0.0025 -0.9541
vn 0.1247 -0.0023 -0.9922
vn 0.5028 0.0010 -0.8644
vn 0.5010 0.0014 -0.8654
vn 0.5063 0.0003 -0.8624
vn 0.3231 -0.0013 -0.9464
vn 0.5081 -0.0000 -0.8613
vn 0.5907 -0.0923 -0.8016
vn 0.5907 -0.0928 -0.8016
vn 0.5907 -0.0935 -0.8015
vn 0.5695 -0.2792 -0.7731
vn 0.5695 -0.2788 -0.7732
vn 0.5695 -0.2787 -0.7733
vn 0.5907 -0.0941 -0.8014
vn 0.5255 -0.4645 -0.7128
vn 0.5261 -0.4615 -0.7143
vn 0.5272 -0.4567 -0.7166
vn 0.5695 -0.2788 -0.7733
vn 0.5279 -0.4537 -0.7180
vn 0.4561 -0.6368 -0.6217
vn 0.4698 -0.6118 -0.6363
vn 0.3674 -0.7829 -0.5021
vn 0.3945 -0.7485 -0.5331
vn 0.2642 -0.8937 -0.3625
vn 0.3054 -0.8588 -0.4113
vn 0.1563 -0.9639 -0.2156
vn 0.2058 -0.9389 -0.2759
vn 0.0506 -0.9962 -0.0712
vn 0.1148 -0.9813 -0.1542
vn 0.0381 -0.9979 -0.0518
vn -0.0000 -0.0935 -0.9956
vn -0.0003 -0.2777 -0.9607
vn 0.0004 -0.1119 -0.9937
vn -0.0006 -0.4665 -0.8845
vn 0.0006 -0.3303 -0.9439
vn -0.0007 -0.6565 -0.7543
vn 0.0006 -0.5320 -0.8467
vn -0.0006 -0.8184 -0.5747
vn 0.0005 -0.7071 -0.7071
vn -0.0004 -0.9325 -0.3611
vn 0.0004 -0.8467 -0.5320
vn -0.0003 -0.9923 -0.1237
vn -0.0002 -0.9927 -0.1203
vn -0.0001 -0.9933 -0.1154
vn 0.0002 -0.9439 -0.3302
vn -0.0000 -0.9937 -0.1120
vn 0.0015 0.0980 -0.9952
vn -0.0000 0.0659 -0.9978
vn 0.0016 0.2903 -0.9569
vn -0.0008 0.1969 -0.9804
vn -0.0001 0.3241 -0.9460
vn 0.0016 0.4714 -0.8819
vn 0.0001 0.4456 -0.8953
vn 0.0018 0.6344 -0.7730
vn -0.0008 0.5601 -0.8285
vn 0.0016 0.7730 -0.6344
vn -0.0013 0.6809 -0.7324
vn 0.0018 0.8819 -0.4714
vn -0.0018 0.8057 -0.5923
vn 0.0023 0.9569 -0.2903
vn -0.0024 0.9088 -0.4172
vn 0.0016 0.9952 -0.0980
vn -0.0012 0.9697 -0.2443
vn -0.0000 0.9965 -0.0834
vn -0.9928 0.0009 -0.1200
vn -0.9935 -0.0000 -0.1135
vn -0.9933 0.0003 -0.1158
vn -0.9925 0.0012 -0.1222
vn -0.9332 0.0022 -0.3594
vn -0.9424 -0.0011 -0.3346
vn -0.8181 0.0030 -0.5751
vn -0.8426 -0.0020 -0.5385
vn -0.6541 0.0037 -0.7564
vn -0.6995 -0.0028 -0.7146
vn -0.4510 0.0041 -0.8925
vn -0.5203 -0.0033 -0.8540
vn -0.2210 0.0044 -0.9753
vn -0.3143 -0.0037 -0.9493
vn 0.0223 0.0019 -0.9997
vn -0.1374 -0.0010 -0.9905
vn 0.0046 0.0041 -1.0000
vn 0.2642 0.0032 -0.9645
vn 0.1424 -0.0013 -0.9898
vn 0.2822 0.0015 -0.9594
vn 0.4903 0.0037 -0.8715
vn 0.4138 -0.0009 -0.9104
vn 0.5363 -0.0000 -0.8440
vn 0.0443 -0.9843 -0.1707
vn 0.3540 -0.1018 -0.9297
vn 0.2660 -0.1025 -0.9585
vn 0.3118 -0.0533 -0.9486
vn 0.3082 -0.1546 -0.9387
vn 0.3422 -0.3007 -0.8902
vn 0.2522 -0.3018 -0.9194
vn 0.3019 -0.2582 -0.9177
vn 0.2917 -0.3542 -0.8885
vn 0.3362 -0.4990 -0.7987
vn 0.2259 -0.4853 -0.8446
vn 0.2792 -0.4494 -0.8486
vn 0.2697 -0.5430 -0.7952
vn 0.3101 -0.6888 -0.6553
vn 0.1881 -0.6452 -0.7405
vn 0.2349 -0.6232 -0.7460
vn 0.2451 -0.7114 -0.6587
vn 0.2342 -0.8410 -0.4877
vn 0.1410 -0.7767 -0.6139
vn 0.1810 -0.7649 -0.6182
vn 0.2175 -0.8440 -0.4903
vn 0.0827 -0.8776 -0.4722
vn 0.1314 -0.9070 -0.4001
vn 0.1562 -0.8658 -0.4754
vn 0.2440 -0.9356 -0.2552
vn 0.0091 -0.9464 -0.3229
vn 0.1493 -0.9371 -0.3154
vn 0.0817 -0.9684 -0.2358
vn 0.5677 -0.8097 0.1483
vn -0.1241 -0.9884 -0.0880
vn 0.1375 -0.9849 -0.1050
vn 0.3122 -0.0000 -0.9500
vn 0.3123 -0.0000 -0.9500
vn 0.4057 0.6712 -0.6204
vn 0.3666 0.7056 -0.6063
vn 0.3721 0.6155 -0.6948
vn 0.3577 0.6260 -0.6929
vn 0.3597 0.5313 -0.7671
vn 0.3448 0.5427 -0.7659
vn 0.3529 0.4428 -0.8243
vn 0.3223 0.4651 -0.8245
vn 0.3427 0.3620 -0.8669
vn 0.3061 0.3840 -0.8711
vn 0.3058 0.3033 -0.9025
vn 0.3161 0.2997 -0.9002
vn 0.3136 0.3005 -0.9007
vn 0.3031 0.3042 -0.9031
vn 0.3149 0.2240 -0.9223
vn 0.3097 0.2244 -0.9240
vn 0.3108 0.2243 -0.9236
vn 0.3160 0.2241 -0.9219
vn 0.3038 0.1562 -0.9398
vn 0.3176 0.1578 -0.9350
vn 0.3184 0.0925 -0.9434
vn 0.3079 0.0892 -0.9472
vn 0.3102 0.0899 -0.9464
vn 0.3203 0.0932 -0.9427
vn 0.3159 0.0311 -0.9483
vn 0.3121 0.0293 -0.9496
vn 0.3130 0.0297 -0.9493
vn 0.3167 0.0314 -0.9480
vn 0.4195 0.7071 -0.5693
vn 0.4195 0.7071 -0.5692
vn -0.7075 -0.0000 -0.7067
vn -0.7071 -0.0000 -0.7071
vn -0.7072 0.0001 -0.7070
vn -0.7072 -0.0000 -0.7070
vn -0.7044 0.7045 -0.0868
vn -0.7044 0.7044 -0.0868
vn -0.7044 0.7045 -0.0867
vn -0.6623 0.7045 -0.2551
vn -0.6623 0.7044 -0.2551
vn -0.5806 0.7044 -0.4082
vn -0.5807 0.7044 -0.4082
vn -0.4642 0.7044 -0.5369
vn -0.3201 0.7044 -0.6335
vn -0.1568 0.7044 -0.6922
vn 0.0158 0.7044 -0.7096
vn 0.1875 0.7044 -0.6846
vn 0.1875 0.7044 -0.6845
vn 0.3480 0.7044 -0.6186
vn -0.7049 -0.7049 -0.0795
vn -0.7049 -0.7049 -0.0794
vn -0.7049 -0.6695 -0.2343
vn -0.7049 -0.6006 -0.3774
vn -0.7049 -0.5016 -0.5016
vn -0.7049 -0.5016 -0.5015
vn -0.7049 -0.3774 -0.6006
vn -0.7049 -0.2343 -0.6695
vn -0.7049 -0.0794 -0.7049
vn -0.7049 -0.0795 -0.7049
vn -0.7071 0.7071 -0.0000
vn -0.7054 0.7054 -0.0695
vn -0.7054 0.6783 -0.2058
vn -0.7054 0.6251 -0.3341
vn -0.7054 0.5479 -0.4497
vn -0.7054 0.4497 -0.5479
vn -0.7054 0.3341 -0.6251
vn -0.7054 0.2058 -0.6783
vn -0.7054 0.0695 -0.7054
vn 0.1136 0.9935 -0.0015
vn 0.1228 0.9924 -0.0000
vn 0.1195 0.9928 -0.0006
vn 0.1103 0.9939 -0.0021
vn 0.3172 0.9484 0.0016
vn 0.5148 0.8573 0.0024
vn 0.3611 0.9325 -0.0029
vn 0.6958 0.7182 0.0029
vn 0.5775 0.8164 -0.0032
vn 0.8502 0.5264 0.0032
vn 0.7591 0.6509 -0.0030
vn 0.8833 0.4688 -0.0010
vn 0.9488 0.3158 -0.0002
vn 0.9544 0.2984 0.0013
vn 0.9938 0.1110 0.0023
vn 0.9872 0.1597 0.0001
vn 0.9986 0.0533 -0.0000
vn -0.1212 0.9926 -0.0003
vn -0.1222 0.9925 -0.0001
vn -0.1228 0.9924 -0.0000
vn -0.1206 0.9927 -0.0004
vn -0.3550 0.9349 -0.0005
vn -0.3588 0.9334 -0.0000
vn -0.3611 0.9325 0.0004
vn -0.5775 0.8164 0.0009
vn -0.3528 0.9357 -0.0009
vn -0.5634 0.8262 -0.0013
vn -0.7591 0.6510 -0.0027
vn -0.7248 0.6889 0.0009
vn -0.9169 0.3991 -0.0002
vn -0.8640 0.5035 0.0002
vn -0.8450 0.5348 0.0020
vn -0.9656 0.2600 -0.0014
vn -0.9384 0.3455 0.0024
vn -0.9962 0.0874 -0.0000
vn -0.9926 0.1214 0.0022
vn -0.0000 0.0803 0.9968
vn -0.0000 0.2390 0.9710
vn -0.0000 0.3914 0.9202
vn -0.0000 0.5338 0.8456
vn 0.0005 0.6593 0.7519
vn 0.0002 0.6552 0.7554
vn 0.0006 0.6619 0.7496
vn -0.0000 0.6526 0.7577
vn 0.0010 0.7711 0.6367
vn -0.0005 0.7477 0.6641
vn 0.0014 0.8659 0.5003
vn -0.0012 0.8390 0.5441
vn 0.0013 0.9403 0.3404
vn -0.0015 0.9224 0.3862
vn 0.0006 0.9810 0.1938
vn -0.0011 0.9741 0.2260
vn -0.0002 0.9977 0.0684
vn -0.0005 0.9973 0.0733
vn -0.0000 0.9979 0.0653
vn -0.0007 0.9971 0.0763
vn 0.7071 -0.0000 0.7071
vn 0.7060 0.0569 0.7060
vn 0.7141 0.0749 0.6960
vn 0.7171 0.2204 0.6612
vn 0.7008 0.1705 0.6927
vn 0.7141 0.3577 0.6018
vn 0.7008 0.2792 0.6564
vn 0.7060 0.3781 0.5989
vn 0.7069 0.4043 0.5804
vn 0.6397 0.5528 0.5340
vn 0.6381 0.5751 0.5119
vn 0.6405 0.5782 0.5054
vn 0.6376 0.5745 0.5133
vn 0.5620 0.7178 0.4110
vn 0.6410 0.5788 0.5041
vn 0.5492 0.7137 0.4348
vn 0.4421 0.8437 0.3046
vn 0.5189 0.7298 0.4451
vn 0.4083 0.8564 0.3160
vn 0.4049 0.8560 0.3214
vn 0.4042 0.8559 0.3227
vn 0.5543 0.7395 0.3819
vn 0.4089 0.8565 0.3149
vn 0.3396 0.9211 0.1906
vn 0.2499 0.9429 0.2201
vn 0.2502 0.9429 0.2198
vn 0.2498 0.9429 0.2202
vn 0.3437 0.9068 0.2442
vn 0.2503 0.9429 0.2196
vn 0.2468 0.9664 0.0723
vn 0.1207 0.9838 0.1325
vn 0.1313 0.9839 0.1212
vn 0.2198 0.9651 0.1421
vn 0.2633 0.9528 -0.1510
vn -0.1292 0.9828 0.1322
vn 0.1017 0.9936 0.0496
vn -0.7060 0.3781 0.5989
vn -0.7141 0.3577 0.6018
vn -0.7171 0.2204 0.6612
vn -0.7008 0.2792 0.6564
vn -0.7141 0.0749 0.6960
vn -0.7008 0.1705 0.6927
vn -0.7060 0.0569 0.7060
vn -0.7070 0.4123 0.5746
vn -0.6474 0.5364 0.5413
vn -0.5709 0.6896 0.4456
vn -0.6395 0.5923 0.4901
vn -0.6394 0.5921 0.4906
vn -0.6397 0.5928 0.4893
vn -0.6398 0.5929 0.4889
vn -0.5660 0.6843 0.4598
vn -0.4251 0.8276 0.3667
vn -0.5068 0.7370 0.4472
vn -0.4623 0.8266 0.3211
vn -0.5443 0.7517 0.3724
vn -0.4372 0.8386 0.3251
vn -0.2546 0.9289 0.2690
vn -0.3783 0.9029 0.2040
vn -0.3629 0.8944 0.2614
vn -0.2814 0.9337 0.2213
vn -0.1116 0.9790 0.1706
vn -0.2746 0.9583 0.0788
vn -0.2360 0.9601 0.1500
vn -0.1494 0.9814 0.1204
vn 0.1528 0.9760 0.1551
vn -0.2824 0.9461 -0.1587
vn -0.1099 0.9920 0.0615
vn -0.1120 -0.9937 -0.0000
vn -0.3303 -0.9439 -0.0000
vn -0.5320 -0.8467 -0.0000
vn -0.8467 -0.5320 -0.0000
vn -0.9439 -0.3303 -0.0000
vn -0.9937 -0.1120 -0.0000
vn 0.9937 -0.1120 -0.0000
vn 0.9439 -0.3303 -0.0000
vn 0.8467 -0.5320 -0.0000
vn 0.5320 -0.8467 -0.0000
vn 0.3303 -0.9439 -0.0000
vn 0.1120 -0.9937 -0.0000
vn 0.4008 -0.0000 -0.9162
vn 0.3458 -0.0000 -0.9383
vn 0.2896 -0.0000 -0.9571
vn 0.9936 -0.0000 -0.1126
vn 0.9432 -0.0000 -0.3322
vn 0.8449 -0.0000 -0.5349
vn 0.7037 -0.0000 -0.7105
vn 0.5269 -0.0000 -0.8499
vn 0.1490 -0.0000 -0.9888
vn 0.1489 -0.0000 -0.9888
vn -0.0798 -0.0000 -0.9968
vn -0.3043 -0.0000 -0.9526
vn -0.5130 -0.0000 -0.8584
vn -0.6947 -0.0000 -0.7193
vn -0.9414 -0.0000 -0.3374
vn -0.9414 -0.0000 -0.3373
vn -0.8401 -0.0000 -0.5425
vn -0.9934 -0.0000 -0.1144
vn -0.0000 0.7071 0.7071
vn -0.0794 0.7049 0.7049
vn -0.2343 0.7049 0.6695
vn -0.3774 0.7049 0.6006
vn -0.5016 0.7049 0.5016
vn -0.6006 0.7049 0.3774
vn -0.6695 0.7049 0.2343
vn -0.7049 0.7049 0.0794
vn -0.7049 0.7049 -0.0781
vn -0.6708 0.7050 -0.2304
vn -0.6708 0.7049 -0.2304
vn -0.6041 0.7050 -0.3716
vn -0.5082 0.7050 -0.4948
vn -0.5082 0.7049 -0.4948
vn -0.3876 0.7050 -0.5940
vn -0.3876 0.7049 -0.5940
vn -0.2483 0.7049 -0.6644
vn -0.2483 0.7050 -0.6644
vn -0.0969 0.7050 -0.7026
vn 0.0592 0.7049 -0.7068
vn 0.2124 0.7050 -0.6767
vn 0.2124 0.7049 -0.6767
vn 0.3553 0.7050 -0.6138
vn 0.3553 0.7049 -0.6138
vn 0.4194 0.7071 -0.5693
vn 0.4195 0.7073 -0.5689
vn 0.4195 0.7073 -0.5690
vn 0.4194 0.7072 -0.5692
vn 0.3737 -0.7048 -0.6029
vn 0.3737 -0.7049 -0.6029
vn 0.4992 -0.7049 -0.5040
vn 0.4992 -0.7048 -0.5040
vn 0.5994 -0.7048 -0.3794
vn 0.6691 -0.7048 -0.2356
vn 0.6691 -0.7049 -0.2356
vn 0.7048 -0.7048 -0.0799
vn 0.7049 -0.7048 -0.0799
vn 0.2048 -0.7069 -0.6770
vn 0.2048 -0.7070 -0.6769
vn 0.2446 -0.7070 -0.6636
vn 0.2446 -0.7069 -0.6636
vn 0.2835 -0.7069 -0.6480
vn -0.7048 -0.7048 -0.0812
vn -0.6679 -0.7048 -0.2393
vn -0.6679 -0.7047 -0.2393
vn -0.5960 -0.7048 -0.3849
vn -0.4928 -0.7048 -0.5103
vn -0.4929 -0.7048 -0.5103
vn -0.3639 -0.7048 -0.6090
vn -0.2159 -0.7048 -0.6758
vn -0.0566 -0.7048 -0.7072
vn 0.1057 -0.7048 -0.7015
vn -0.7045 -0.7045 -0.0856
vn -0.6636 -0.7045 -0.2517
vn -0.5841 -0.7045 -0.4032
vn -0.4706 -0.7045 -0.5312
vn -0.3298 -0.7045 -0.6284
vn -0.1699 -0.7045 -0.6891
vn -0.1698 -0.7045 -0.6891
vn -0.0000 -0.7045 -0.7097
vn 0.1699 -0.7045 -0.6891
vn 0.3298 -0.7045 -0.6284
vn 0.1698 -0.7045 -0.6891
vn 0.4706 -0.7045 -0.5312
vn 0.5841 -0.7045 -0.4032
vn 0.6636 -0.7045 -0.2517
vn 0.6636 -0.7045 -0.2516
vn 0.7045 -0.7045 -0.0855
vn 0.7045 -0.7045 -0.0856
vn 0.9945 0.1043 -0.0000
vn 0.9944 0.1058 -0.0006
vn 0.9939 0.1105 -0.0027
vn 0.9513 0.3082 0.0030
vn 0.9937 0.1120 -0.0032
vn 0.8667 0.4988 0.0055
vn 0.9439 0.3303 -0.0060
vn 0.7444 0.6676 0.0076
vn 0.8467 0.5320 -0.0083
vn 0.5898 0.8075 0.0091
vn 0.7071 0.7071 -0.0101
vn 0.4096 0.9122 0.0102
vn 0.5320 0.8467 -0.0114
vn 0.2450 0.9695 0.0044
vn 0.1317 0.9913 -0.0067
vn 0.3303 0.9438 -0.0122
vn 0.0437 0.9990 -0.0000
vn 0.1120 0.9936 -0.0121
vn -0.0700 0.9975 -0.0000
vn -0.1844 0.9828 0.0003
vn -0.2705 0.9627 -0.0006
vn -0.1120 0.9936 -0.0119
vn -0.4096 0.9122 0.0102
vn -0.3303 0.9438 -0.0122
vn -0.5898 0.8075 0.0091
vn -0.5320 0.8467 -0.0114
vn -0.7445 0.6676 0.0075
vn -0.7071 0.7071 -0.0101
vn -0.8667 0.4988 0.0055
vn -0.8467 0.5320 -0.0083
vn -0.9513 0.3083 0.0030
vn -0.9439 0.3303 -0.0060
vn -0.9939 0.1105 -0.0026
vn -0.9944 0.1057 -0.0007
vn -0.9946 0.1042 -0.0000
vn -0.9937 0.1120 -0.0032
vn -0.0980 0.9952 -0.0000
vn -0.2903 0.9569 -0.0000
vn -0.4714 0.8819 -0.0000
vn -0.6344 0.7730 -0.0000
vn -0.8819 0.4714 -0.0000
vn -0.7730 0.6344 -0.0000
vn -0.9569 0.2903 -0.0000
vn -0.9570 0.2903 -0.0000
vn -0.9570 0.2902 -0.0000
vn -0.9952 0.0981 -0.0000
vn 0.9952 0.0980 -0.0000
vn 0.9569 0.2903 -0.0000
vn 0.8819 0.4714 -0.0000
vn 0.7730 0.6344 -0.0000
vn 0.6344 0.7730 -0.0000
vn 0.2903 0.9569 -0.0000
vn 0.4714 0.8819 -0.0000
vn 0.0980 0.9952 -0.0000
vn 0.0005 -0.0000 -1.0000
vn 0.0001 -0.0000 -1.0000
vn 0.0005 -0.0000 1.0000
vn 0.0001 -0.0000 1.0000
vn 0.0980 -0.9952 -0.0000
vn 0.2903 -0.9569 -0.0000
vn 0.4714 -0.8819 -0.0000
vn 0.6344 -0.7730 -0.0000
vn 0.7730 -0.6344 -0.0000
vn 0.8819 -0.4714 -0.0000
vn 0.9569 -0.2903 -0.0000
vn 0.9952 -0.0980 -0.0000
vn -0.9952 -0.0981 -0.0000
vn -0.9569 -0.2903 -0.0000
vn -0.8819 -0.4714 -0.0000
vn -0.7730 -0.6344 -0.0000
vn -0.6344 -0.7730 -0.0000
vn -0.4714 -0.8819 -0.0000
vn -0.0980 -0.9952 -0.0000
vn -0.2903 -0.9569 -0.0000
vn 0.7054 -0.7058 -0.0657
vn 0.7019 -0.7089 -0.0688
vn 0.7016 -0.7092 -0.0692
vn 0.7056 -0.7056 -0.0654
vn 0.6715 -0.7124 -0.2037
vn 0.6846 -0.7024 -0.1948
vn 0.6164 -0.7152 -0.3295
vn 0.6397 -0.6995 -0.3185
vn 0.5385 -0.7174 -0.4419
vn 0.5721 -0.6972 -0.4320
vn 0.4408 -0.7192 -0.5371
vn 0.4843 -0.6951 -0.5313
vn 0.3269 -0.7205 -0.6115
vn 0.3793 -0.6935 -0.6125
vn 0.2010 -0.7214 -0.6627
vn 0.2606 -0.6924 -0.6728
vn 0.0678 -0.7219 -0.6887
vn 0.1327 -0.6918 -0.7098
vn -0.0678 -0.7219 -0.6887
vn -0.0000 -0.6915 -0.7223
vn -0.2010 -0.7215 -0.6626
vn -0.1327 -0.6918 -0.7098
vn -0.3268 -0.7206 -0.6115
vn -0.2606 -0.6924 -0.6728
vn -0.4408 -0.7192 -0.5371
vn -0.3793 -0.6935 -0.6125
vn -0.4843 -0.6951 -0.5313
vn -0.5385 -0.7174 -0.4419
vn -0.5721 -0.6971 -0.4320
vn -0.6164 -0.7152 -0.3295
vn -0.6397 -0.6995 -0.3185
vn -0.6716 -0.7124 -0.2037
vn -0.6846 -0.7024 -0.1948
vn -0.7019 -0.7089 -0.0687
vn -0.7053 -0.7059 -0.0655
vn -0.7016 -0.7092 -0.0691
vn -0.7056 -0.7056 -0.0654
vn 0.9957 -0.0000 -0.0923
vn 0.9618 -0.0000 -0.2736
vn 0.8952 -0.0000 -0.4458
vn 0.7980 -0.0000 -0.6026
vn 0.6737 -0.0000 -0.7390
vn 0.5264 -0.0000 -0.8502
vn 0.3613 -0.0000 -0.9325
vn 0.1837 -0.0000 -0.9830
vn -0.1837 -0.0000 -0.9830
vn -0.3613 -0.0000 -0.9325
vn -0.5264 -0.0000 -0.8502
vn -0.6737 -0.0000 -0.7390
vn -0.7980 -0.0000 -0.6026
vn -0.8952 -0.0000 -0.4457
vn -0.9618 -0.0000 -0.2737
vn -0.9957 -0.0000 -0.0923
vn 0.9975 -0.0000 -0.0713
vn 0.9771 -0.0000 -0.2126
vn 0.9370 -0.0000 -0.3494
vn 0.8777 -0.0000 -0.4792
vn 0.8005 -0.0000 -0.5993
vn 0.5993 -0.0000 -0.8005
vn 0.4792 -0.0000 -0.8777
vn 0.3495 -0.0000 -0.9370
vn 0.2126 -0.0000 -0.9771
vn 0.0713 -0.0000 -0.9975
vn -0.0713 -0.0000 -0.9975
vn -0.2126 -0.0000 -0.9771
vn -0.3495 -0.0000 -0.9370
vn -0.5993 -0.0000 -0.8005
vn -0.4792 -0.0000 -0.8777
vn -0.8005 -0.0000 -0.5993
vn -0.8777 -0.0000 -0.4792
vn -0.9771 -0.0000 -0.2126
vn -0.9370 -0.0000 -0.3494
vn -0.9975 -0.0000 -0.0713
vn -0.9975 -0.0000 0.0713
vn -0.9771 -0.0000 0.2126
vn -0.9370 -0.0000 0.3494
vn -0.8777 -0.0000 0.4793
vn -0.8005 -0.0000 0.5993
vn -0.4792 -0.0000 0.8777
vn -0.5993 -0.0000 0.8005
vn -0.3495 -0.0000 0.9370
vn -0.2126 -0.0000 0.9771
vn -0.0713 -0.0000 0.9975
vn 0.0713 -0.0000 0.9975
vn 0.2126 -0.0000 0.9771
vn 0.3495 -0.0000 0.9370
vn 0.4792 -0.0000 0.8777
vn 0.5993 -0.0000 0.8005
vn 0.8006 -0.0000 0.5993
vn 0.8777 -0.0000 0.4793
vn 0.9771 -0.0000 0.2126
vn 0.9370 -0.0000 0.3494
vn 0.9975 -0.0000 0.0713
vn -0.0000 1.0000 0.0001
vn -0.0000 1.0000 -0.0004
vn -0.9957 -0.0000 0.0923
vn -0.9618 -0.0000 0.2737
vn -0.8952 -0.0000 0.4457
vn -0.7980 -0.0000 0.6026
vn -0.6737 -0.0000 0.7390
vn -0.5264 -0.0000 0.8502
vn -0.3613 -0.0000 0.9325
vn -0.1837 -0.0000 0.9830
vn 0.1837 -0.0000 0.9830
vn 0.3613 -0.0000 0.9325
vn 0.5264 -0.0000 0.8502
vn 0.6737 -0.0000 0.7390
vn 0.7980 -0.0000 0.6026
vn 0.8952 -0.0000 0.4458
vn 0.9618 -0.0000 0.2736
vn 0.9957 -0.0000 0.0923
vn -0.0000 -1.0000 -0.0003
vn -0.0000 -1.0000 -0.0002
vn -0.0000 -1.0000 0.0003
vn -0.7053 -0.7059 0.0655
vn -0.7056 -0.7056 0.0654
vn -0.7020 -0.7089 0.0687
vn -0.7016 -0.7092 0.0691
vn -0.6716 -0.7124 0.2037
vn -0.6846 -0.7024 0.1948
vn -0.6164 -0.7152 0.3295
vn -0.6397 -0.6995 0.3185
vn -0.5385 -0.7174 0.4419
vn -0.5721 -0.6972 0.4320
vn -0.4408 -0.7192 0.5371
vn -0.4843 -0.6951 0.5313
vn -0.3268 -0.7206 0.6115
vn -0.3793 -0.6935 0.6125
vn -0.2010 -0.7215 0.6626
vn -0.2606 -0.6924 0.6728
vn -0.0678 -0.7219 0.6887
vn -0.1327 -0.6918 0.7098
vn 0.0678 -0.7219 0.6887
vn -0.0000 -0.6915 0.7223
vn 0.2010 -0.7214 0.6627
vn 0.1327 -0.6918 0.7098
vn 0.3269 -0.7205 0.6115
vn 0.2606 -0.6924 0.6728
vn 0.4408 -0.7192 0.5371
vn 0.3793 -0.6935 0.6125
vn 0.4843 -0.6951 0.5313
vn 0.5385 -0.7174 0.4419
vn 0.5721 -0.6971 0.4320
vn 0.6164 -0.7152 0.3295
vn 0.6397 -0.6995 0.3185
vn 0.6715 -0.7124 0.2037
vn 0.6846 -0.7024 0.1947
vn 0.7020 -0.7089 0.0689
vn 0.7053 -0.7058 0.0659
vn 0.7016 -0.7092 0.0692
vn 0.7056 -0.7056 0.0654
vn 0.6715 -0.7124 -0.2036
vn 0.6396 -0.6996 -0.3186
vn 0.2010 -0.7215 -0.6626
vn 0.2607 -0.6924 -0.6727
vn 0.1327 -0.6917 -0.7099
vn -0.1327 -0.6917 -0.7099
vn -0.2606 -0.6924 -0.6727
vn -0.5721 -0.6972 -0.4320
vn -0.0000 1.0000 -0.0002
vn -0.0001 -1.0000 0.0002
vn -0.7019 -0.7089 0.0687
vn -0.5385 -0.7175 0.4419
vn -0.4408 -0.7192 0.5370
vn -0.3792 -0.6935 0.6125
vn -0.2606 -0.6924 0.6727
vn -0.1327 -0.6917 0.7099
vn 0.2010 -0.7215 0.6626
vn 0.1327 -0.6917 0.7099
vn 0.3269 -0.7206 0.6115
vn 0.4408 -0.7192 0.5370
vn 0.3792 -0.6935 0.6125
vn 0.5385 -0.7175 0.4419
vn 0.5721 -0.6972 0.4320
vn 0.6396 -0.6996 0.3186
vn 0.6715 -0.7124 0.2036
vn 0.6846 -0.7024 0.1948
vn 0.7020 -0.7088 0.0689
vn 0.7053 -0.7058 0.0658
vn 0.7016 -0.7092 0.0691
s 1
f 1//1 2//1 3//1
f 4//1 2//1 1//1
f 3//1 5//1 6//1
f 7//2 5//1 8//1
f 6//1 5//1 7//2
f 2//1 5//1 3//1
f 9//1 10//1 11//1
f 12//1 10//1 9//1
f 13//1 10//1 12//1
f 10//1 14//1 11//1
f 14//1 15//1 11//1
f 16//1 17//1 10//1
f 10//1 17//1 14//1
f 14//1 18//1 15//1
f 14//1 19//1 18//1
f 14//1 20//1 19//1
f 21//3 22//3 23//3
f 21//3 24//3 22//3
f 21//3 25//3 24//3
f 26//3 27//3 28//3
f 26//3 28//3 29//3
f 26//3 29//3 30//3
f 26//3 30//3 31//4
f 26//3 31//4 32//4
f 33//3 23//3 34//3
f 33//3 34//3 35//3
f 33//3 21//3 23//3
f 36//3 37//3 21//3
f 36//3 21//3 33//3
f 38//3 35//3 39//3
f 38//3 39//3 27//3
f 38//3 27//3 26//3
f 40//3 33//3 35//3
f 40//3 35//3 38//3
f 41//3 42//3 43//3
f 44//3 41//3 43//3
f 45//3 46//3 47//3
f 45//3 48//3 46//3
f 45//3 43//3 48//3
f 45//3 44//3 43//3
f 49//3 50//3 45//3
f 49//3 45//3 47//3
f 51//3 50//3 49//3
f 52//4 51//3 49//3
f 53//5 52//4 49//3
f 54//6 53//5 49//3
f 6//7 48//7 3//7
f 3//7 48//7 43//7
f 17//8 16//8 37//8
f 36//8 17//8 37//8
f 55//8 56//8 57//8
f 56//8 58//8 57//8
f 58//8 59//8 57//8
f 59//8 60//8 57//8
f 60//8 61//8 57//8
f 61//8 62//9 57//8
f 57//8 63//8 23//8
f 62//9 63//8 57//8
f 63//8 34//8 23//8
f 63//8 64//8 34//8
f 65//7 66//7 45//7
f 45//7 66//7 44//7
f 66//7 67//7 44//7
f 66//7 68//7 67//7
f 68//7 69//7 67//7
f 67//7 70//7 71//7
f 69//7 72//7 67//7
f 67//7 73//7 70//7
f 72//7 73//7 67//7
f 74//3 75//3 76//4
f 75//3 65//3 77//3
f 78//3 65//3 74//3
f 79//3 65//3 78//3
f 74//3 65//3 75//3
f 80//3 81//3 82//3
f 83//3 84//3 81//3
f 85//3 84//3 83//3
f 84//3 86//3 81//3
f 82//3 64//3 87//3
f 87//3 64//3 88//3
f 88//3 64//3 79//3
f 81//3 64//3 82//3
f 79//3 64//3 65//3
f 86//3 64//3 81//3
f 64//3 66//3 65//3
f 89//4 90//3 91//3
f 66//3 63//3 89//4
f 64//3 63//3 66//3
f 89//4 63//3 90//3
f 92//7 5//7 93//7
f 93//7 5//7 2//7
f 11//8 15//8 94//8
f 94//8 15//8 95//8
f 96//1 97//1 98//10
f 98//10 97//1 99//1
f 99//1 97//1 100//1
f 101//1 102//1 103//1
f 101//1 104//1 102//1
f 100//1 105//1 101//1
f 97//1 105//1 100//1
f 101//1 105//1 104//1
f 1//11 3//11 43//11
f 1//11 43//11 42//11
f 4//12 42//12 41//12
f 4//12 1//12 42//12
f 106//13 44//14 67//15
f 2//16 41//16 44//16
f 2//16 4//16 41//16
f 100//17 93//17 2//17
f 99//18 106//19 107//20
f 99//21 44//14 106//13
f 99//21 2//22 44//14
f 99//21 100//23 2//22
f 98//24 99//18 107//20
f 23//25 108//26 57//27
f 96//28 107//29 108//30
f 96//28 98//31 107//29
f 96//32 108//26 23//25
f 11//33 23//33 22//33
f 11//34 96//32 23//25
f 97//35 96//32 11//34
f 94//36 97//36 11//36
f 9//37 22//37 24//37
f 9//33 11//33 22//33
f 12//38 24//38 25//38
f 12//37 9//37 24//37
f 13//38 12//38 25//38
f 19//39 20//39 40//39
f 19//40 40//40 38//40
f 18//41 19//41 38//41
f 15//42 38//42 26//42
f 15//43 18//43 38//43
f 105//44 95//44 15//44
f 88//45 32//46 87//47
f 104//48 26//48 32//48
f 104//49 15//50 26//51
f 104//49 105//52 15//50
f 102//53 88//54 79//55
f 102//46 32//46 88//45
f 102//56 104//56 32//56
f 54//57 79//58 78//59
f 103//60 102//53 79//55
f 103//61 79//58 54//57
f 5//62 54//62 49//62
f 5//63 103//64 54//65
f 101//66 103//64 5//63
f 92//67 101//67 5//67
f 8//68 49//68 47//68
f 8//69 5//69 49//69
f 7//70 47//71 46//72
f 7//70 8//73 47//71
f 6//74 46//75 48//76
f 6//74 7//77 46//75
f 109//78 68//79 66//80
f 109//81 69//82 68//83
f 110//84 66//80 89//85
f 110//84 109//78 66//80
f 111//86 72//87 69//88
f 111//89 69//82 109//81
f 111//89 109//81 110//90
f 112//91 72//87 111//86
f 113//92 73//92 72//92
f 113//93 70//93 73//93
f 113//94 72//94 112//94
f 114//95 110//84 89//85
f 115//96 110//90 114//96
f 115//96 111//89 110//90
f 116//97 111//98 115//97
f 116//97 112//98 111//98
f 117//99 89//85 91//100
f 117//99 114//95 89//85
f 117//101 115//101 114//101
f 118//102 112//102 116//102
f 118//103 70//104 113//105
f 118//102 113//102 112//102
f 119//101 115//101 117//101
f 120//106 71//106 70//106
f 120//107 70//104 118//103
f 121//108 116//108 115//108
f 121//108 115//108 119//109
f 122//110 67//110 71//110
f 122//111 106//111 67//111
f 122//112 71//112 120//112
f 123//113 116//113 121//113
f 123//113 118//113 116//113
f 124//114 118//114 123//115
f 124//114 120//114 118//114
f 125//116 106//116 122//116
f 125//117 122//118 120//118
f 125//117 120//118 124//117
f 126//119 117//99 91//100
f 127//120 119//121 117//121
f 127//120 117//121 126//120
f 128//122 91//100 90//123
f 128//122 126//119 91//100
f 129//124 119//125 127//124
f 129//124 121//125 119//125
f 130//126 126//126 128//126
f 130//126 127//126 126//126
f 131//127 123//128 121//128
f 131//127 121//128 129//127
f 131//129 124//129 123//129
f 132//130 127//130 130//130
f 132//130 129//130 127//130
f 132//131 131//131 129//132
f 133//129 124//129 131//129
f 134//131 131//131 132//131
f 135//133 124//134 133//133
f 135//135 107//135 106//135
f 135//136 106//136 125//136
f 135//133 125//134 124//134
f 136//137 133//137 131//137
f 136//137 131//137 134//137
f 137//138 135//138 133//138
f 137//138 133//138 136//138
f 137//139 107//139 135//139
f 138//140 130//141 128//141
f 138//142 128//122 90//123
f 139//140 130//141 138//140
f 140//143 90//123 63//144
f 140//143 138//142 90//123
f 141//145 130//146 139//145
f 141//145 132//146 130//146
f 142//147 139//147 138//147
f 142//147 138//147 140//148
f 143//149 134//149 132//149
f 143//149 132//149 141//149
f 144//150 141//150 139//150
f 144//150 139//150 142//151
f 145//152 136//152 134//152
f 145//152 134//152 143//153
f 146//154 143//155 141//154
f 146//154 141//154 144//154
f 146//156 145//156 143//157
f 147//158 108//158 107//158
f 147//159 137//160 136//160
f 147//161 107//161 137//161
f 147//159 136//160 145//159
f 148//156 145//156 146//156
f 149//162 108//162 147//162
f 149//163 147//164 145//164
f 149//163 145//164 148//163
f 150//165 140//143 63//144
f 150//166 62//166 61//166
f 150//167 63//167 62//167
f 151//168 61//168 60//168
f 151//169 150//169 61//169
f 151//170 142//170 140//170
f 151//171 144//172 142//172
f 151//170 140//170 150//170
f 152//173 60//173 59//173
f 152//174 151//171 60//175
f 152//174 144//172 151//171
f 153//176 59//177 58//178
f 153//179 146//180 144//180
f 153//181 148//181 146//181
f 153//176 152//182 59//177
f 153//179 144//180 152//183
f 154//184 58//184 56//185
f 154//184 153//186 58//184
f 154//181 148//181 153//181
f 155//187 55//187 57//187
f 155//188 56//189 55//188
f 155//190 57//190 108//190
f 155//188 154//191 56//189
f 155//192 108//192 149//192
f 155//193 149//193 148//193
f 155//193 148//193 154//193
f 35//194 64//194 86//194
f 35//194 34//194 64//194
f 39//195 84//195 85//195
f 39//196 86//196 84//196
f 39//196 35//196 86//196
f 27//195 39//195 85//195
f 28//197 85//197 83//197
f 28//197 27//197 85//197
f 29//198 83//198 81//198
f 29//198 28//198 83//198
f 30//199 81//199 80//199
f 30//199 29//199 81//199
f 31//200 80//200 82//200
f 31//200 30//200 80//200
f 32//201 82//201 87//201
f 32//201 31//201 82//201
f 54//202 78//202 74//202
f 53//203 74//203 76//203
f 53//202 54//202 74//202
f 52//204 76//204 75//204
f 52//203 53//203 76//203
f 51//205 75//205 77//205
f 51//204 52//204 75//204
f 50//206 77//206 65//206
f 50//205 51//205 77//205
f 45//206 50//206 65//206
f 101//207 93//207 100//207
f 92//207 93//207 101//207
f 97//208 95//208 105//208
f 94//208 95//208 97//208
f 17//209 36//209 14//209
f 14//209 36//209 33//209
f 40//8 14//8 33//8
f 40//8 20//8 14//8
f 37//210 10//210 21//210
f 37//210 16//210 10//210
f 21//8 10//8 25//8
f 25//8 10//8 13//8
f 156//211 157//212 158//211
f 158//213 159//213 160//213
f 157//212 159//212 158//211
f 160//214 161//214 162//214
f 159//213 161//213 160//213
f 162//215 163//215 164//215
f 161//214 163//214 162//214
f 164//216 165//216 166//216
f 163//215 165//215 164//215
f 165//216 167//216 166//216
f 166//217 168//217 169//217
f 169//218 168//218 170//218
f 167//217 168//217 166//217
f 170//219 171//220 172//219
f 168//218 171//218 170//218
f 172//221 173//221 174//221
f 171//220 173//220 172//219
f 174//222 175//222 176//222
f 173//221 175//221 174//221
f 175//222 177//222 176//222
f 176//223 178//223 179//223
f 177//223 178//223 176//223
f 179//224 180//224 181//224
f 181//225 180//226 182//226
f 178//224 180//224 179//224
f 180//226 183//226 182//226
f 156//227 158//227 184//227
f 184//227 158//227 185//227
f 185//228 160//228 186//228
f 186//229 160//229 187//229
f 158//228 160//228 185//228
f 187//230 162//230 188//230
f 160//229 162//229 187//229
f 162//230 164//230 188//230
f 188//231 166//231 189//231
f 189//232 166//232 190//232
f 164//231 166//231 188//231
f 166//232 169//232 190//232
f 190//209 170//209 191//209
f 191//233 170//233 192//233
f 169//209 170//209 190//209
f 170//233 172//233 192//233
f 192//234 174//234 193//234
f 172//234 174//234 192//234
f 193//235 176//235 194//235
f 194//236 176//236 195//236
f 174//235 176//235 193//235
f 176//236 179//236 195//236
f 195//237 181//237 196//237
f 179//237 181//237 195//237
f 196//238 182//238 197//238
f 181//238 182//238 196//238
f 198//238 199//238 200//238
f 200//238 199//238 201//238
f 201//237 202//237 203//237
f 199//237 202//237 201//237
f 203//236 204//236 205//236
f 202//236 204//236 203//236
f 205//235 206//235 207//235
f 204//235 206//235 205//235
f 207//234 208//234 209//234
f 206//234 208//234 207//234
f 209//233 210//233 211//233
f 208//233 210//233 209//233
f 211//209 212//209 213//209
f 210//209 212//209 211//209
f 213//239 214//239 215//239
f 212//239 214//239 213//239
f 215//231 216//231 217//231
f 214//231 216//231 215//231
f 217//230 218//230 219//230
f 219//229 218//229 220//229
f 216//230 218//230 217//230
f 218//229 221//229 220//229
f 220//228 222//228 223//228
f 221//228 222//228 220//228
f 223//227 224//227 225//227
f 222//227 224//227 223//227
f 226//238 227//238 228//238
f 228//238 227//238 229//238
f 229//237 230//237 231//237
f 227//237 230//237 229//237
f 231//236 232//236 233//236
f 230//236 232//236 231//236
f 233//235 234//235 235//235
f 232//235 234//235 233//235
f 235//234 236//234 237//234
f 234//234 236//234 235//234
f 237//233 238//233 239//233
f 236//233 238//233 237//233
f 239//209 240//209 241//209
f 238//209 240//209 239//209
f 241//239 242//239 243//239
f 240//239 242//239 241//239
f 243//231 244//231 245//231
f 242//231 244//231 243//231
f 245//230 246//230 247//230
f 244//230 246//230 245//230
f 247//229 248//229 249//229
f 246//229 248//229 247//229
f 249//228 250//228 251//228
f 248//228 250//228 249//228
f 251//227 252//227 253//227
f 250//227 252//227 251//227
f 254//227 255//227 256//227
f 256//227 255//227 257//227
f 258//229 259//229 260//229
f 257//228 259//228 258//228
f 255//228 259//228 257//228
f 259//229 261//229 260//229
f 262//240 263//240 264//240
f 260//230 263//230 262//230
f 261//230 263//230 260//230
f 263//240 265//240 264//240
f 264//239 266//239 267//239
f 265//239 266//239 264//239
f 268//233 269//233 270//233
f 267//209 269//209 268//209
f 266//209 269//209 267//209
f 269//233 271//233 270//233
f 272//235 273//235 274//235
f 270//234 273//234 272//234
f 271//234 273//234 270//234
f 273//235 275//235 274//235
f 274//236 276//236 277//236
f 275//236 276//236 274//236
f 278//238 279//238 280//238
f 277//237 279//237 278//237
f 276//237 279//237 277//237
f 279//238 281//238 280//238
f 282//227 283//227 284//227
f 284//227 283//227 285//227
f 285//228 286//228 287//228
f 283//228 286//228 285//228
f 287//229 288//229 289//229
f 286//229 288//229 287//229
f 289//230 290//230 291//230
f 288//230 290//230 289//230
f 291//240 292//240 293//240
f 290//240 292//240 291//240
f 293//239 294//239 295//239
f 292//239 294//239 293//239
f 295//209 296//209 297//209
f 294//209 296//209 295//209
f 297//233 298//233 299//233
f 296//233 298//233 297//233
f 299//234 300//234 301//234
f 298//234 300//234 299//234
f 302//236 303//236 304//236
f 301//235 303//235 302//235
f 300//235 303//235 301//235
f 303//236 305//236 304//236
f 304//237 306//237 307//237
f 305//237 306//237 304//237
f 307//238 308//238 309//238
f 306//238 308//238 307//238
f 310//210 311//210 312//210
f 312//210 313//210 310//210
f 310//210 314//210 311//210
f 313//210 315//210 310//210
f 310//210 316//210 314//210
f 310//210 317//210 316//210
f 318//210 319//241 320//242
f 321//210 319//241 318//210
f 322//210 319//241 321//210
f 322//210 323//210 319//241
f 323//210 324//210 319//241
f 324//210 325//210 319//241
f 326//210 327//210 328//210
f 328//210 327//210 329//210
f 327//210 330//210 329//210
f 327//210 331//210 330//210
f 331//210 332//210 330//210
f 332//210 333//210 334//210
f 331//210 333//210 332//210
f 334//210 335//210 336//210
f 333//210 335//210 334//210
f 335//210 337//210 336//210
f 336//210 337//210 338//210
f 337//210 339//210 338//210
f 339//210 340//210 341//210
f 337//210 340//210 339//210
f 340//210 342//210 341//210
f 341//210 342//210 343//210
f 342//210 344//210 343//210
f 343//210 344//210 345//210
f 346//210 347//210 348//210
f 348//210 347//210 349//210
f 349//210 347//210 350//210
f 344//210 351//210 345//210
f 346//210 351//210 347//210
f 345//210 351//210 346//210
f 347//210 319//241 325//210
f 347//210 325//210 350//210
f 310//210 327//210 317//210
f 317//210 327//210 326//210
f 352//243 353//243 354//243
f 352//244 354//244 355//244
f 356//245 355//245 357//245
f 356//246 352//246 355//246
f 358//247 357//247 359//247
f 358//248 356//248 357//248
f 360//249 359//249 361//249
f 360//250 358//250 359//250
f 362//251 361//251 363//251
f 362//252 360//252 361//252
f 364//253 365//253 310//253
f 366//254 365//254 364//254
f 367//255 364//255 310//255
f 315//256 367//256 310//256
f 368//257 363//257 365//257
f 368//258 362//258 363//258
f 369//259 368//259 365//259
f 370//260 369//261 365//262
f 370//260 365//262 366//263
f 371//264 369//265 370//266
f 319//267 371//267 372//267
f 319//241 372//268 320//242
f 319//269 369//265 371//264
f 373//1 275//1 374//1
f 275//1 273//1 374//1
f 373//1 276//1 275//1
f 374//1 271//1 375//1
f 273//1 271//1 374//1
f 373//1 279//1 276//1
f 375//1 269//1 376//1
f 271//1 269//1 375//1
f 373//1 281//1 279//1
f 377//1 266//1 378//1
f 376//1 266//1 377//1
f 269//1 266//1 376//1
f 373//1 379//1 281//1
f 378//1 265//1 380//1
f 266//1 265//1 378//1
f 380//1 263//1 381//1
f 265//1 263//1 380//1
f 263//1 261//1 381//1
f 261//1 259//1 381//1
f 259//1 255//1 381//1
f 255//1 254//1 381//1
f 382//1 177//1 383//1
f 177//1 175//1 383//1
f 383//1 175//1 384//1
f 382//1 178//1 177//1
f 385//1 178//1 382//1
f 175//1 173//1 384//1
f 384//1 173//1 386//1
f 373//1 180//1 379//1
f 385//1 180//1 178//1
f 379//1 180//1 385//1
f 173//1 171//1 386//1
f 373//1 183//1 180//1
f 171//1 168//1 386//1
f 386//1 168//1 387//1
f 387//1 167//1 388//1
f 168//1 167//1 387//1
f 388//1 165//1 389//1
f 167//1 165//1 388//1
f 389//1 163//1 390//1
f 165//1 163//1 389//1
f 163//1 161//1 390//1
f 390//1 161//1 391//1
f 161//1 159//1 391//1
f 391//1 159//1 392//1
f 159//1 157//1 392//1
f 393//1 303//1 394//1
f 303//1 300//1 394//1
f 394//1 300//1 395//1
f 393//1 305//1 303//1
f 396//1 305//1 393//1
f 300//1 298//1 395//1
f 395//1 298//1 397//1
f 396//1 306//1 305//1
f 298//1 296//1 397//1
f 397//1 296//1 398//1
f 296//1 294//1 398//1
f 399//1 294//1 400//1
f 398//1 294//1 399//1
f 396//1 401//1 306//1
f 183//1 401//1 396//1
f 373//1 401//1 183//1
f 306//1 401//1 308//1
f 401//1 402//1 308//1
f 294//1 292//1 400//1
f 400//1 292//1 403//1
f 401//1 404//1 402//1
f 292//1 290//1 403//1
f 403//1 290//1 405//1
f 406//1 407//1 401//1
f 408//1 407//1 406//1
f 401//1 407//1 404//1
f 408//1 409//1 407//1
f 405//1 288//1 410//1
f 290//1 288//1 405//1
f 409//1 411//1 407//1
f 409//1 412//1 411//1
f 410//1 286//1 413//1
f 288//1 286//1 410//1
f 412//1 414//1 411//1
f 286//1 283//1 413//1
f 414//1 415//1 411//1
f 415//1 416//1 411//1
f 411//1 417//1 418//1
f 416//1 417//1 411//1
f 418//1 419//1 420//1
f 417//1 419//1 418//1
f 413//1 421//1 157//1
f 422//1 421//1 282//1
f 423//1 421//1 422//1
f 283//1 421//1 413//1
f 282//1 421//1 283//1
f 424//1 425//1 426//1
f 420//1 425//1 424//1
f 419//1 425//1 420//1
f 423//1 427//1 421//1
f 428//1 427//1 423//1
f 426//1 429//1 430//1
f 425//1 429//1 426//1
f 428//1 431//1 427//1
f 429//1 432//1 430//1
f 432//1 433//1 430//1
f 430//1 433//1 428//1
f 428//1 433//1 431//1
f 421//1 381//1 254//1
f 421//1 254//1 392//1
f 421//1 392//1 157//1
f 381//8 421//8 434//8
f 434//8 421//8 435//8
f 401//7 373//7 436//7
f 436//7 373//7 437//7
f 438//209 439//209 440//209
f 439//209 441//209 440//209
f 438//209 442//209 439//209
f 442//209 443//209 439//209
f 444//3 445//3 446//3
f 447//3 445//3 444//3
f 448//3 445//3 447//3
f 449//5 450//3 451//3
f 446//3 450//3 449//5
f 445//3 450//3 446//3
f 445//3 452//3 450//3
f 445//3 453//3 452//3
f 445//3 454//3 453//3
f 454//3 455//3 453//3
f 309//270 308//270 456//270
f 456//271 402//271 457//271
f 308//270 402//270 456//270
f 457//272 404//272 458//272
f 402//271 404//271 457//271
f 458//273 407//273 459//273
f 404//272 407//272 458//272
f 459//274 411//274 460//274
f 407//273 411//273 459//273
f 460//275 418//275 461//275
f 411//274 418//274 460//274
f 461//210 420//210 462//210
f 418//275 420//275 461//275
f 462//276 424//276 463//276
f 420//210 424//210 462//210
f 463//277 426//277 464//277
f 424//276 426//276 463//276
f 426//277 430//277 464//277
f 465//278 428//278 466//278
f 464//279 428//279 465//279
f 430//279 428//279 464//279
f 428//278 423//278 466//278
f 466//280 422//280 467//280
f 423//280 422//280 466//280
f 467//281 282//281 284//281
f 422//281 282//281 467//281
f 281//270 379//270 280//270
f 280//270 379//270 468//270
f 468//271 385//271 469//271
f 379//271 385//271 468//271
f 469//272 382//272 470//272
f 385//272 382//272 469//272
f 470//273 383//273 471//273
f 382//273 383//273 470//273
f 471//274 384//274 472//274
f 383//274 384//274 471//274
f 473//210 386//210 474//210
f 472//275 386//275 473//275
f 384//275 386//275 472//275
f 474//276 387//276 475//276
f 386//210 387//210 474//210
f 387//276 388//276 475//276
f 475//277 389//277 476//277
f 388//277 389//277 475//277
f 476//279 390//279 477//279
f 389//279 390//279 476//279
f 477//278 391//278 478//278
f 390//278 391//278 477//278
f 478//280 392//280 479//280
f 391//280 392//280 478//280
f 479//281 254//281 256//281
f 392//281 254//281 479//281
f 232//3 480//3 481//3
f 234//4 232//3 481//3
f 230//3 482//3 480//3
f 230//3 480//3 232//3
f 236//3 481//3 483//3
f 236//3 234//4 481//3
f 227//3 484//3 485//3
f 227//3 485//3 486//3
f 227//3 486//3 482//3
f 227//3 482//3 230//3
f 238//3 483//3 487//3
f 238//3 236//3 483//3
f 226//3 488//3 489//3
f 226//3 489//3 484//3
f 226//3 484//3 227//3
f 240//3 487//3 490//3
f 240//3 238//3 487//3
f 491//3 488//3 226//3
f 242//3 490//3 492//3
f 242//3 240//3 490//3
f 493//3 242//3 492//3
f 494//3 488//3 491//3
f 244//3 242//3 493//3
f 495//3 244//3 493//3
f 246//3 244//3 495//3
f 496//3 246//3 495//3
f 248//3 246//3 496//3
f 497//3 248//3 496//3
f 498//3 250//3 248//3
f 498//3 248//3 497//3
f 499//3 250//3 498//3
f 499//3 252//3 250//3
f 500//3 252//3 499//3
f 206//3 501//3 502//3
f 206//3 204//3 501//3
f 202//3 488//3 494//3
f 202//3 494//3 501//3
f 202//3 501//3 204//3
f 503//3 500//3 499//3
f 208//3 502//3 504//3
f 208//3 206//3 502//3
f 199//3 488//3 202//3
f 210//3 504//3 505//3
f 210//3 208//3 504//3
f 212//3 505//3 506//3
f 212//3 210//3 505//3
f 214//3 212//3 506//3
f 214//3 506//3 507//3
f 216//3 507//3 508//3
f 216//3 214//3 507//3
f 509//3 510//3 511//3
f 512//3 509//3 511//3
f 218//3 513//3 503//3
f 218//3 508//3 513//3
f 218//3 216//3 508//3
f 514//3 509//3 512//3
f 221//3 503//3 499//3
f 221//3 218//3 503//3
f 515//3 509//3 514//3
f 515//3 516//3 509//3
f 517//3 516//3 515//3
f 517//3 518//3 519//3
f 517//3 515//3 518//3
f 520//3 521//3 224//3
f 520//3 221//3 499//3
f 520//3 222//3 221//3
f 520//3 224//3 222//3
f 522//3 521//3 520//3
f 522//3 523//3 521//3
f 524//3 517//3 519//3
f 524//3 519//3 525//3
f 526//3 523//3 522//3
f 527//3 525//3 528//3
f 527//3 524//3 525//3
f 529//3 530//3 523//3
f 529//3 523//3 526//3
f 531//3 528//3 530//3
f 531//3 530//3 529//3
f 531//3 527//3 528//3
f 509//3 488//3 198//3
f 198//3 488//3 199//3
f 509//3 198//3 510//3
f 532//7 533//7 534//7
f 535//7 533//7 532//7
f 536//8 537//8 538//8
f 539//8 537//8 536//8
f 540//8 537//8 539//8
f 541//8 537//8 540//8
f 542//8 537//8 541//8
f 537//8 543//8 538//8
f 537//8 544//8 543//8
f 537//8 545//8 544//8
f 546//8 547//8 548//8
f 549//8 550//8 537//8
f 551//8 550//8 547//8
f 552//8 550//8 551//8
f 553//8 550//8 552//8
f 554//8 550//8 553//8
f 555//8 550//8 554//8
f 556//8 550//8 555//8
f 545//8 550//8 556//8
f 537//8 550//8 545//8
f 550//8 557//8 558//8
f 549//8 559//8 550//8
f 550//8 559//8 557//8
f 550//8 548//8 547//8
f 437//282 373//282 560//282
f 374//283 561//283 373//282
f 561//283 562//282 373//282
f 373//282 562//282 560//282
f 563//282 564//283 562//282
f 562//282 564//283 560//282
f 564//283 565//283 560//282
f 565//283 546//283 560//282
f 565//283 566//283 546//283
f 566//283 567//283 546//283
f 567//283 568//283 546//283
f 568//283 569//282 546//283
f 569//282 570//282 546//283
f 570//282 571//283 546//283
f 571//283 572//282 546//283
f 573//283 547//283 574//283
f 575//282 547//283 572//282
f 574//283 547//283 575//282
f 572//282 547//283 546//283
f 252//281 500//281 253//281
f 253//281 500//281 576//281
f 576//280 503//280 577//280
f 500//280 503//280 576//280
f 577//278 513//278 578//278
f 503//278 513//278 577//278
f 578//279 508//279 579//279
f 579//284 508//284 580//284
f 513//279 508//279 578//279
f 508//284 507//284 580//284
f 580//276 506//276 581//276
f 507//276 506//276 580//276
f 581//210 505//210 582//210
f 506//210 505//210 581//210
f 582//275 504//275 583//275
f 583//274 504//274 584//274
f 505//275 504//275 582//275
f 504//274 502//274 584//274
f 584//273 501//273 585//273
f 502//273 501//273 584//273
f 585//272 494//272 586//272
f 501//272 494//272 585//272
f 586//271 491//271 587//271
f 494//271 491//271 586//271
f 587//270 226//270 228//270
f 491//270 226//270 587//270
f 274//3 233//3 235//3
f 272//3 235//3 237//3
f 272//3 274//3 235//3
f 277//3 231//3 233//3
f 277//3 233//3 274//3
f 270//3 272//3 237//3
f 278//3 229//3 231//3
f 278//3 231//3 277//3
f 268//3 237//3 239//3
f 268//3 239//3 241//3
f 268//3 270//3 237//3
f 280//3 228//3 229//3
f 280//3 229//3 278//3
f 267//3 268//3 241//3
f 468//3 587//3 228//3
f 468//3 228//3 280//3
f 264//3 241//3 243//3
f 264//3 267//3 241//3
f 469//3 586//3 587//3
f 469//3 587//3 468//3
f 262//3 243//3 245//3
f 262//3 264//3 243//3
f 470//3 585//3 586//3
f 470//3 586//3 469//3
f 260//3 262//3 245//3
f 247//3 260//3 245//3
f 584//3 585//3 470//3
f 584//3 470//3 471//3
f 472//3 584//3 471//3
f 249//3 260//3 247//3
f 249//3 258//3 260//3
f 583//3 584//3 472//3
f 251//3 258//3 249//3
f 251//3 257//3 258//3
f 251//3 256//3 257//3
f 582//3 583//3 472//3
f 582//3 473//3 474//3
f 582//3 472//3 473//3
f 253//3 256//3 251//3
f 253//3 479//3 256//3
f 581//3 582//3 474//3
f 576//3 479//3 253//3
f 580//3 475//3 476//3
f 580//3 474//3 475//3
f 580//3 581//3 474//3
f 577//3 478//3 479//3
f 577//3 479//3 576//3
f 579//3 580//3 476//3
f 578//3 477//3 478//3
f 578//3 476//3 477//3
f 578//3 478//3 577//3
f 578//3 579//3 476//3
f 224//281 521//281 225//281
f 225//281 521//281 588//281
f 588//280 523//280 589//280
f 521//280 523//280 588//280
f 589//278 530//278 590//278
f 523//278 530//278 589//278
f 590//279 528//279 591//279
f 591//284 528//284 592//284
f 530//279 528//279 590//279
f 528//284 525//284 592//284
f 592//276 519//276 593//276
f 525//276 519//276 592//276
f 593//210 518//210 594//210
f 519//210 518//210 593//210
f 594//275 515//275 595//275
f 518//275 515//275 594//275
f 595//274 514//274 596//274
f 515//274 514//274 595//274
f 596//273 512//273 597//273
f 514//273 512//273 596//273
f 597//272 511//272 598//272
f 512//272 511//272 597//272
f 598//271 510//271 599//271
f 511//271 510//271 598//271
f 599//270 198//270 200//270
f 510//270 198//270 599//270
f 302//3 205//3 207//3
f 301//3 302//3 207//3
f 304//3 203//3 205//3
f 304//3 205//3 302//3
f 299//3 207//3 209//3
f 299//3 209//3 211//3
f 299//3 301//3 207//3
f 307//3 201//3 203//3
f 307//3 203//3 304//3
f 297//3 211//3 213//3
f 297//3 299//3 211//3
f 309//3 599//3 200//3
f 309//3 200//3 201//3
f 309//3 201//3 307//3
f 295//3 297//3 213//3
f 456//3 599//3 309//3
f 293//3 213//3 215//3
f 293//3 295//3 213//3
f 457//3 598//3 599//3
f 457//3 599//3 456//3
f 291//3 215//3 217//3
f 291//3 293//3 215//3
f 458//3 597//3 598//3
f 458//3 598//3 457//3
f 219//3 291//3 217//3
f 219//3 289//3 291//3
f 596//3 597//3 458//3
f 596//3 458//3 459//3
f 220//3 289//3 219//3
f 220//3 287//3 289//3
f 595//3 596//3 459//3
f 595//3 459//3 460//3
f 223//3 287//3 220//3
f 223//3 285//3 287//3
f 223//3 284//3 285//3
f 594//3 595//3 460//3
f 594//3 461//3 462//3
f 594//3 460//3 461//3
f 225//3 284//3 223//3
f 593//3 594//3 462//3
f 588//3 284//3 225//3
f 588//3 467//3 284//3
f 592//3 593//3 462//3
f 592//3 462//3 463//3
f 589//3 467//3 588//3
f 589//3 466//3 467//3
f 591//3 463//3 464//3
f 591//3 592//3 463//3
f 590//3 465//3 466//3
f 590//3 464//3 465//3
f 590//3 591//3 464//3
f 590//3 466//3 589//3
f 440//285 441//285 600//285
f 601//286 600//286 602//286
f 601//285 440//285 600//285
f 603//287 602//287 604//287
f 603//286 601//286 602//286
f 605//288 604//288 606//288
f 605//287 603//287 604//287
f 607//288 605//288 606//288
f 608//289 606//289 609//289
f 608//290 609//290 610//290
f 608//289 607//289 606//289
f 611//290 608//290 610//290
f 532//291 610//291 535//291
f 532//291 611//291 610//291
f 182//270 612//270 197//270
f 197//270 612//270 613//270
f 613//271 614//271 615//271
f 612//271 614//271 613//271
f 615//272 616//272 617//272
f 614//272 616//272 615//272
f 617//273 618//273 619//273
f 616//273 618//273 617//273
f 619//274 620//274 621//274
f 618//274 620//274 619//274
f 621//275 622//275 623//275
f 620//292 622//275 621//275
f 623//210 624//210 625//210
f 622//210 624//210 623//210
f 625//293 626//293 627//293
f 624//293 626//293 625//293
f 627//284 628//284 629//284
f 626//284 628//284 627//284
f 629//279 630//279 631//279
f 628//279 630//279 629//279
f 631//278 632//278 633//278
f 630//278 632//278 631//278
f 633//280 634//280 635//280
f 632//280 634//280 633//280
f 635//281 156//281 184//281
f 634//281 156//281 635//281
f 635//1 184//1 185//1
f 635//1 185//1 186//1
f 629//1 631//10 633//1
f 629//1 633//1 635//1
f 629//1 635//1 186//1
f 627//1 186//1 187//1
f 627//1 187//1 188//1
f 627//1 188//1 189//1
f 627//1 189//1 190//1
f 627//1 629//1 186//1
f 197//1 193//1 194//1
f 197//1 194//1 195//1
f 197//1 195//1 196//10
f 621//1 623//294 625//10
f 621//1 625//10 627//1
f 621//1 190//1 191//1
f 621//1 627//1 190//1
f 617//1 197//1 613//1
f 617//1 613//1 615//2
f 617//1 619//1 621//1
f 617//1 191//1 192//1
f 617//1 192//1 193//1
f 617//1 621//1 191//1
f 617//1 193//1 197//1
f 509//7 636//7 637//7
f 637//7 638//7 509//7
f 509//7 639//7 636//7
f 638//7 640//7 509//7
f 509//7 641//7 639//7
f 640//7 642//7 509//7
f 509//7 643//7 641//7
f 644//7 488//7 642//7
f 642//7 488//7 509//7
f 644//7 645//7 488//7
f 509//7 646//7 643//7
f 509//7 647//7 646//7
f 648//7 649//7 650//295
f 648//7 651//7 649//7
f 651//7 652//7 653//7
f 651//7 654//7 652//7
f 655//7 656//7 657//7
f 657//7 656//7 648//7
f 648//7 656//7 651//7
f 651//7 656//7 654//7
f 658//7 659//7 655//7
f 660//7 659//7 658//7
f 661//7 659//7 660//7
f 662//7 659//7 661//7
f 647//7 659//7 662//7
f 509//7 659//7 647//7
f 655//7 659//7 656//7
f 663//7 664//7 659//7
f 665//7 664//7 663//7
f 659//7 666//7 656//7
f 664//7 666//7 659//7
f 337//3 667//3 340//3
f 668//3 667//3 337//3
f 669//1 670//1 354//1
f 353//1 669//1 354//1
f 543//1 669//1 353//1
f 544//1 669//1 543//1
f 671//210 672//210 673//210
f 673//210 672//210 674//210
f 675//296 549//296 347//296
f 676//296 549//296 675//296
f 677//297 549//296 676//296
f 549//296 319//296 347//296
f 549//296 537//296 319//296
f 319//298 537//298 542//298
f 369//299 542//299 541//299
f 369//300 319//300 542//300
f 368//301 541//301 540//301
f 368//302 369//302 541//302
f 362//303 540//303 539//303
f 362//304 368//304 540//304
f 360//305 539//305 536//305
f 360//306 362//306 539//306
f 358//307 536//307 538//307
f 358//308 360//308 536//308
f 356//309 358//309 538//309
f 352//310 538//310 543//310
f 352//311 356//311 538//311
f 353//312 352//312 543//312
f 534//313 533//314 678//315
f 679//316 678//317 680//318
f 679//319 534//313 678//315
f 681//320 680//320 682//320
f 681//321 679//316 680//318
f 683//322 682//322 684//322
f 683//323 681//323 682//323
f 685//324 683//324 684//324
f 381//325 684//325 686//325
f 381//326 685//327 684//328
f 434//329 685//327 381//326
f 380//330 686//330 687//330
f 380//331 381//331 686//331
f 378//332 687//332 688//332
f 378//333 380//333 687//333
f 377//334 688//334 689//334
f 377//335 378//335 688//335
f 376//336 689//336 690//336
f 376//337 377//337 689//337
f 375//338 690//339 561//340
f 375//341 376//341 690//341
f 374//342 375//338 561//340
f 547//343 573//344 551//345
f 551//346 691//347 552//348
f 573//344 691//349 551//345
f 552//350 692//351 553//352
f 691//347 692//353 552//348
f 692//351 693//354 553//352
f 553//355 694//355 554//355
f 693//356 694//356 553//356
f 554//357 695//357 555//357
f 694//358 695//358 554//358
f 555//359 696//359 556//359
f 695//360 696//360 555//360
f 556//361 697//361 545//361
f 696//362 697//362 556//362
f 545//363 698//363 544//363
f 697//364 698//364 545//364
f 698//365 669//365 544//365
f 672//366 671//366 699//366
f 699//367 700//367 701//367
f 671//368 700//368 699//368
f 701//369 702//369 703//369
f 700//370 702//370 701//370
f 703//371 704//371 705//371
f 702//372 704//372 703//372
f 705//373 706//373 707//373
f 704//374 706//374 705//374
f 707//375 708//375 709//375
f 706//376 708//376 707//376
f 709//377 710//378 669//379
f 708//380 710//380 709//380
f 710//378 670//381 669//379
f 673//382 711//382 712//382
f 674//383 711//383 673//383
f 712//384 713//384 714//384
f 711//385 713//385 712//385
f 713//386 715//386 714//386
f 714//387 716//387 717//387
f 715//388 716//388 714//388
f 717//389 718//389 719//389
f 716//390 718//390 717//390
f 719//391 720//391 721//391
f 718//392 720//392 719//392
f 721//393 722//393 723//393
f 720//394 722//394 721//394
f 723//395 724//395 725//395
f 722//396 724//396 723//396
f 725//397 726//397 454//397
f 724//398 726//398 725//398
f 726//399 455//399 454//399
f 489//400 488//401 645//402
f 489//400 645//402 727//403
f 484//404 727//404 728//404
f 484//405 489//405 727//405
f 485//406 728//406 729//406
f 485//407 484//407 728//407
f 486//408 729//408 730//408
f 486//409 485//409 729//409
f 482//410 730//410 731//410
f 482//411 486//411 730//411
f 480//412 731//412 732//412
f 480//413 482//413 731//413
f 733//414 732//414 734//414
f 733//415 480//415 732//415
f 735//416 733//416 734//416
f 736//417 734//417 737//417
f 736//418 735//418 734//418
f 738//419 736//419 737//419
f 739//420 737//420 563//420
f 739//421 738//421 737//421
f 562//422 739//422 563//422
f 698//423 697//423 709//423
f 740//424 672//424 699//424
f 740//425 691//425 573//425
f 740//426 573//426 672//426
f 740//427 699//427 691//427
f 741//428 699//428 701//428
f 741//429 692//429 691//429
f 741//430 691//430 699//430
f 741//431 701//431 692//431
f 742//432 701//432 703//432
f 742//433 693//433 692//433
f 742//434 692//434 701//434
f 742//435 703//435 693//435
f 743//436 703//436 705//436
f 743//437 694//437 693//437
f 743//438 693//438 703//438
f 743//439 705//439 694//439
f 744//440 705//440 707//440
f 744//441 695//441 694//441
f 744//442 694//442 705//442
f 744//443 707//443 695//443
f 745//444 696//444 695//444
f 745//445 707//445 696//445
f 745//446 695//446 707//446
f 746//447 707//447 709//447
f 746//448 697//448 696//448
f 746//449 696//449 707//449
f 746//450 709//450 697//450
f 747//451 709//451 669//451
f 747//452 669//452 698//452
f 747//453 698//453 709//453
f 674//454 672//455 574//454
f 574//454 672//455 573//455
f 726//456 565//456 564//456
f 726//457 564//457 455//457
f 724//458 566//458 565//458
f 724//459 565//459 726//459
f 722//460 567//460 566//460
f 722//461 566//461 724//461
f 720//462 568//462 567//462
f 720//463 567//463 722//463
f 718//464 569//464 568//464
f 718//465 568//465 720//465
f 716//466 570//467 569//468
f 716//466 569//468 718//469
f 715//470 571//471 570//472
f 715//470 570//472 716//473
f 713//474 572//474 571//474
f 713//475 571//475 715//475
f 711//476 575//477 572//478
f 711//476 572//478 713//479
f 674//480 574//481 575//482
f 674//480 575//482 711//483
f 564//484 453//485 455//484
f 564//484 563//485 453//485
f 748//486 666//487 749//488
f 750//489 666//487 748//486
f 327//487 666//487 750//489
f 666//487 310//487 656//487
f 327//487 310//487 666//487
f 645//490 445//491 448//491
f 727//492 645//490 448//491
f 728//493 448//494 447//494
f 728//493 727//493 448//494
f 729//495 447//496 444//496
f 729//495 728//495 447//496
f 730//497 444//497 446//497
f 730//497 729//497 444//497
f 731//498 446//498 449//498
f 731//498 730//498 446//498
f 732//499 449//499 451//499
f 732//499 731//499 449//499
f 734//500 451//500 450//500
f 734//500 732//500 451//500
f 737//501 450//502 452//502
f 737//501 734//501 450//502
f 563//503 452//503 453//503
f 563//503 737//503 452//503
f 354//504 648//505 650//505
f 355//504 354//504 650//505
f 357//506 650//506 649//506
f 357//506 355//506 650//506
f 359//507 649//507 651//507
f 359//507 357//507 649//507
f 361//508 651//508 653//509
f 361//508 359//508 651//508
f 363//510 653//510 652//510
f 363//510 361//510 653//510
f 365//511 652//511 654//511
f 365//511 363//511 652//511
f 310//512 654//513 656//513
f 310//512 365//512 654//513
f 445//514 644//514 454//514
f 645//514 644//514 445//514
f 657//207 648//207 354//207
f 657//207 354//207 670//207
f 454//515 642//515 725//515
f 644//515 642//515 454//515
f 725//516 640//516 723//516
f 642//516 640//516 725//516
f 723//517 638//517 721//517
f 640//517 638//517 723//517
f 721//518 637//518 719//518
f 638//518 637//518 721//518
f 719//519 636//519 717//519
f 637//519 636//519 719//519
f 717//520 639//520 714//520
f 636//520 639//520 717//520
f 639//521 712//521 714//521
f 639//521 641//521 712//521
f 641//522 673//522 712//522
f 641//522 643//522 673//522
f 671//512 646//512 700//512
f 646//512 647//512 700//512
f 700//511 662//511 702//511
f 647//511 662//511 700//511
f 702//510 661//510 704//510
f 662//510 661//510 702//510
f 704//508 660//508 706//508
f 706//507 660//507 708//507
f 661//508 660//508 704//508
f 660//507 658//507 708//507
f 708//506 655//506 710//506
f 658//506 655//506 708//506
f 710//505 657//505 670//505
f 655//505 657//505 710//505
f 643//487 671//487 673//487
f 643//487 646//487 671//487
f 342//523 340//524 667//525
f 342//523 667//525 751//526
f 342//527 751//527 752//527
f 344//528 752//528 753//528
f 344//529 342//529 752//529
f 351//530 753//530 754//530
f 351//531 344//531 753//531
f 347//532 754//532 755//532
f 347//533 351//533 754//533
f 675//534 347//534 755//534
f 676//535 755//535 756//535
f 676//536 675//536 755//536
f 677//537 756//537 559//537
f 677//538 676//538 756//538
f 549//539 677//539 559//539
f 335//540 668//541 337//542
f 757//543 668//541 335//540
f 333//544 757//545 335//546
f 758//547 333//547 331//547
f 758//548 757//545 333//544
f 759//549 758//549 331//549
f 760//550 331//550 327//550
f 760//551 759//551 331//551
f 761//552 750//552 748//552
f 761//553 327//553 750//553
f 761//554 760//554 327//554
f 762//555 748//555 749//555
f 762//556 761//556 748//556
f 664//557 749//557 666//557
f 664//558 762//558 749//558
f 443//559 442//559 763//559
f 764//559 443//559 763//559
f 765//560 763//560 766//560
f 765//560 764//560 763//560
f 767//561 766//561 768//561
f 767//562 768//562 769//562
f 767//561 765//561 766//561
f 770//562 767//562 769//562
f 771//563 769//564 772//565
f 771//563 770//566 769//564
f 773//567 772//567 774//567
f 773//568 771//568 772//568
f 775//569 774//569 776//569
f 775//570 773//570 774//570
f 777//571 776//571 778//571
f 777//572 775//572 776//572
f 779//573 778//573 780//573
f 779//574 777//574 778//574
f 668//575 780//576 667//577
f 668//575 779//578 780//576
f 442//579 548//579 550//579
f 442//579 438//579 548//579
f 763//580 442//580 550//580
f 763//581 550//581 558//581
f 766//582 558//582 557//582
f 766//583 763//583 558//583
f 768//584 557//584 559//584
f 768//585 766//585 557//585
f 769//586 768//586 559//586
f 756//587 769//587 559//587
f 756//588 772//588 769//588
f 781//589 756//590 755//591
f 781//592 774//592 772//592
f 781//589 772//593 756//590
f 781//594 755//594 774//594
f 782//595 754//595 753//595
f 782//596 755//596 754//596
f 782//597 776//598 774//599
f 782//600 774//600 755//600
f 782//597 753//601 776//598
f 783//602 753//602 752//602
f 783//603 778//604 776//605
f 783//606 776//606 753//606
f 783//603 752//607 778//604
f 784//608 752//608 751//608
f 784//609 780//609 778//609
f 784//610 751//610 780//610
f 784//611 778//611 752//611
f 785//612 751//612 667//612
f 785//613 667//613 780//613
f 785//614 780//614 751//614
f 659//288 516//288 443//288
f 443//288 516//288 439//288
f 659//288 509//288 516//288
f 767//615 770//615 664//615
f 767//616 664//616 665//616
f 765//617 665//617 663//617
f 765//618 767//618 665//618
f 764//619 663//619 659//619
f 764//620 765//620 663//620
f 443//621 764//621 659//621
f 762//622 664//622 770//622
f 771//623 762//623 770//623
f 786//624 771//624 773//624
f 786//625 761//626 762//627
f 786//625 762//627 771//628
f 786//629 773//629 761//629
f 787//630 773//630 775//630
f 787//631 760//631 761//631
f 787//632 759//632 760//632
f 787//633 761//633 773//633
f 787//634 775//634 759//634
f 788//635 775//635 777//635
f 788//636 758//636 759//636
f 788//637 759//637 775//637
f 788//638 777//638 758//638
f 789//639 777//639 779//639
f 789//640 757//640 758//640
f 789//641 758//641 777//641
f 789//642 779//642 757//642
f 790//643 779//643 668//643
f 790//644 668//644 757//644
f 790//645 757//645 779//645
f 339//646 341//646 791//646
f 791//646 341//646 792//646
f 792//647 343//647 793//647
f 341//647 343//647 792//647
f 793//648 345//648 794//648
f 343//648 345//648 793//648
f 794//207 346//207 795//207
f 345//207 346//207 794//207
f 795//649 348//649 796//649
f 346//649 348//649 795//649
f 796//650 349//650 797//650
f 348//650 349//650 796//650
f 797//651 350//651 798//651
f 349//651 350//651 797//651
f 791//1 799//1 339//1
f 339//1 799//1 338//1
f 326//652 328//652 800//652
f 800//652 328//652 801//652
f 801//653 329//653 802//653
f 328//653 329//653 801//653
f 802//654 330//654 803//654
f 329//654 330//654 802//654
f 803//208 332//208 804//208
f 330//208 332//208 803//208
f 804//655 334//655 805//655
f 332//655 334//655 804//655
f 805//656 336//656 806//656
f 334//656 336//656 805//656
f 806//657 338//657 799//657
f 336//657 338//657 806//657
f 317//8 326//8 807//8
f 326//8 800//8 807//8
f 808//7 798//7 325//7
f 325//7 798//7 350//7
f 809//210 810//210 811//210
f 812//210 813//210 810//210
f 808//210 812//210 810//210
f 814//210 809//210 815//210
f 814//210 810//210 809//210
f 814//210 808//210 810//210
f 816//210 817//210 818//210
f 819//210 820//210 817//210
f 819//210 816//210 821//210
f 819//210 817//210 816//210
f 822//210 820//210 819//210
f 807//210 814//210 820//210
f 807//210 798//210 808//210
f 807//210 808//210 814//210
f 807//210 820//210 822//210
f 796//210 797//210 798//210
f 794//210 795//210 796//210
f 794//210 796//210 798//210
f 792//210 793//210 794//210
f 791//210 794//210 798//210
f 791//210 792//210 794//210
f 799//210 791//210 798//210
f 800//210 798//210 807//210
f 800//210 799//210 798//210
f 802//210 800//210 801//210
f 802//210 799//210 800//210
f 805//210 806//210 799//210
f 804//210 802//210 803//210
f 804//210 805//210 799//210
f 804//210 799//210 802//210
f 681//1 683//1 685//1
f 534//1 679//1 681//1
f 534//1 681//1 685//1
f 823//1 611//1 532//1
f 823//1 532//1 534//1
f 824//1 608//1 611//1
f 824//1 611//1 823//1
f 825//1 608//1 824//1
f 607//1 608//1 825//1
f 826//1 607//1 825//1
f 605//1 826//1 827//1
f 605//1 607//1 826//1
f 603//1 827//1 828//1
f 603//1 605//1 827//1
f 601//1 828//1 829//1
f 601//1 603//1 828//1
f 440//1 829//1 830//1
f 440//1 601//1 829//1
f 831//1 440//1 830//1
f 832//1 440//1 831//1
f 546//1 833//1 560//1
f 438//1 834//1 835//1
f 438//1 835//1 836//1
f 438//1 836//1 837//1
f 438//1 837//1 833//1
f 438//1 833//1 546//1
f 548//1 438//1 546//1
f 438//1 440//1 832//1
f 438//1 832//1 838//2
f 438//1 838//2 839//1
f 438//1 839//1 834//1
f 685//1 823//1 534//1
f 840//658 429//658 841//658
f 841//659 425//659 842//659
f 429//658 425//658 841//658
f 425//659 419//659 842//659
f 842//660 417//660 843//660
f 419//660 417//660 842//660
f 421//661 427//661 435//661
f 435//661 427//661 844//661
f 844//662 431//662 845//662
f 427//662 431//662 844//662
f 845//663 433//663 846//663
f 431//663 433//663 845//663
f 846//664 432//664 847//664
f 433//664 432//664 846//664
f 847//665 429//665 840//665
f 432//665 429//665 847//665
f 417//666 416//667 843//667
f 848//668 416//668 849//668
f 843//667 416//667 848//667
f 849//669 415//669 850//669
f 416//668 415//668 849//668
f 850//670 414//670 851//670
f 415//669 414//669 850//669
f 851//671 412//671 852//671
f 414//670 412//670 851//670
f 412//671 409//671 852//671
f 853//672 408//673 854//673
f 852//674 408//674 853//674
f 409//674 408//674 852//674
f 408//673 406//673 854//673
f 854//675 401//675 436//675
f 406//675 401//675 854//675
f 441//676 439//676 516//676
f 441//676 516//676 517//676
f 600//677 441//677 517//677
f 600//677 517//677 524//677
f 602//678 524//678 527//678
f 602//678 600//678 524//678
f 604//679 527//679 531//679
f 604//679 602//679 527//679
f 606//680 531//680 529//680
f 606//680 604//680 531//680
f 609//681 529//681 526//681
f 609//681 606//681 529//681
f 610//682 526//682 522//682
f 610//682 609//682 526//682
f 535//683 522//683 520//683
f 535//683 610//683 522//683
f 533//514 535//514 520//514
f 533//514 520//514 499//514
f 498//684 533//684 499//684
f 678//684 533//684 498//684
f 497//685 678//685 498//686
f 680//685 678//685 497//685
f 496//687 680//687 497//687
f 682//687 680//687 496//687
f 495//688 682//688 496//688
f 684//689 682//688 495//688
f 493//690 684//690 495//691
f 686//690 684//690 493//690
f 492//692 686//692 493//693
f 687//692 686//692 492//692
f 490//694 687//694 492//694
f 688//694 687//694 490//694
f 487//695 688//695 490//695
f 689//695 688//695 487//695
f 483//696 689//696 487//697
f 690//696 689//696 483//696
f 481//698 690//698 483//698
f 561//699 690//698 481//698
f 480//484 561//484 481//484
f 733//485 561//484 480//484
f 735//700 561//484 733//485
f 562//701 561//484 739//702
f 739//702 561//484 738//703
f 738//703 561//484 736//484
f 736//484 561//484 735//700
f 685//208 435//208 823//208
f 434//208 435//208 685//208
f 828//704 827//704 840//704
f 840//704 827//704 847//705
f 847//706 826//707 846//707
f 827//706 826//707 847//706
f 846//708 825//708 845//708
f 826//708 825//708 846//708
f 845//709 824//709 844//710
f 825//709 824//709 845//709
f 844//711 823//711 435//711
f 824//712 823//711 844//711
f 831//713 830//714 843//713
f 843//713 830//714 842//714
f 842//715 829//715 841//716
f 830//715 829//715 842//715
f 841//717 828//717 840//717
f 829//717 828//717 841//717
f 833//718 854//718 436//718
f 833//718 837//718 854//718
f 837//719 853//719 854//720
f 837//719 836//719 853//719
f 836//721 852//721 853//721
f 836//721 835//721 852//721
f 835//722 851//722 852//722
f 835//722 834//723 851//722
f 834//724 850//724 851//724
f 834//724 839//724 850//724
f 839//725 849//725 850//725
f 839//725 838//725 849//725
f 838//726 848//726 849//726
f 838//726 832//726 848//726
f 848//727 831//727 843//727
f 832//727 831//727 848//727
f 436//207 437//207 560//207
f 436//207 560//207 833//207
f 183//728 396//728 182//728
f 182//728 396//728 612//728
f 612//729 396//729 614//729
f 614//730 393//730 616//730
f 396//729 393//729 614//729
f 616//731 394//731 618//731
f 393//730 394//730 616//730
f 618//732 395//732 620//732
f 394//731 395//731 618//731
f 395//732 397//732 620//732
f 620//733 398//734 622//733
f 622//735 398//735 624//735
f 397//734 398//734 620//733
f 624//736 399//736 626//736
f 398//735 399//735 624//735
f 626//737 400//737 628//737
f 399//736 400//738 626//736
f 628//739 403//739 630//739
f 400//737 403//737 628//737
f 630//740 405//740 632//740
f 403//739 405//739 630//739
f 632//741 410//741 634//741
f 405//740 410//740 632//740
f 410//741 413//742 634//741
f 634//743 157//744 156//743
f 413//744 157//744 634//743
f 366//3 814//3 370//3
f 820//3 814//3 366//3
f 317//745 807//746 316//747
f 316//748 822//748 314//748
f 807//746 822//749 316//747
f 314//750 819//750 311//750
f 822//751 819//751 314//751
f 311//752 821//752 312//752
f 819//753 821//753 311//753
f 312//754 816//754 313//754
f 821//755 816//755 312//755
f 313//756 818//756 315//756
f 816//757 818//757 313//757
f 315//758 817//758 367//758
f 367//759 817//759 364//759
f 818//760 817//760 315//760
f 364//761 820//761 366//761
f 817//762 820//762 364//762
f 370//763 814//763 371//763
f 371//764 815//764 372//764
f 372//765 815//765 320//765
f 814//766 815//766 371//766
f 320//767 809//767 318//767
f 815//768 809//768 320//768
f 318//769 811//769 321//769
f 809//770 811//770 318//770
f 321//771 810//771 322//771
f 811//772 810//772 321//772
f 322//773 813//773 323//773
f 810//774 813//774 322//774
f 323//775 812//775 324//775
f 813//776 812//776 323//776
f 324//777 808//778 325//779
f 812//780 808//778 324//777
f 855//7 856//7 857//7
f 857//7 856//7 858//7
f 859//781 860//781 861//781
f 859//781 861//781 862//781
f 863//782 862//782 864//782
f 863//782 859//782 862//782
f 865//783 864//783 866//783
f 865//783 863//783 864//783
f 867//784 866//784 868//784
f 867//784 865//784 866//784
f 869//785 870//785 871//785
f 869//786 868//786 870//786
f 869//786 867//786 868//786
f 872//785 869//785 871//785
f 873//787 871//788 874//789
f 873//787 872//787 871//788
f 857//790 874//790 855//790
f 857//790 873//790 874//790
f 875//3 861//3 876//3
f 876//3 861//3 860//3
f 877//791 878//791 879//791
f 877//791 879//791 880//791
f 881//792 880//792 882//792
f 881//792 877//792 880//792
f 883//793 882//793 884//793
f 883//793 881//793 882//793
f 885//794 884//794 886//794
f 885//794 883//794 884//794
f 887//795 886//795 888//795
f 887//795 885//795 886//795
f 889//796 890//796 891//796
f 889//797 888//797 890//797
f 889//797 887//797 888//797
f 892//798 891//798 875//798
f 892//796 889//796 891//796
f 876//798 892//798 875//798
f 893//8 879//8 894//8
f 894//8 879//8 878//8
f 895//1 896//1 897//1
f 897//1 896//1 898//1
f 899//210 900//210 901//210
f 902//210 899//210 901//210
f 903//210 904//799 899//210
f 896//210 902//210 905//210
f 893//210 899//210 902//210
f 893//210 903//210 899//210
f 893//210 902//210 896//210
f 895//210 893//210 896//210
f 906//210 895//210 907//210
f 908//210 906//210 909//210
f 910//210 908//210 911//210
f 856//210 910//210 912//800
f 856//210 906//210 908//210
f 856//210 893//210 895//210
f 856//210 895//210 906//210
f 856//210 908//210 910//210
f 882//210 880//210 879//210
f 884//210 882//210 879//210
f 888//210 886//210 884//210
f 875//210 891//210 890//210
f 875//210 890//210 888//210
f 875//210 884//210 879//210
f 875//210 888//210 884//210
f 855//210 879//210 893//210
f 855//210 893//210 856//210
f 861//210 879//210 855//210
f 861//210 875//210 879//210
f 874//210 861//210 855//210
f 868//210 874//210 871//210
f 868//210 871//210 870//800
f 868//210 866//210 864//210
f 868//210 864//210 862//210
f 868//210 862//210 861//210
f 868//210 861//210 874//210
f 913//209 914//209 915//209
f 916//209 917//209 913//209
f 914//209 898//209 918//209
f 919//209 894//209 917//209
f 913//209 894//209 914//209
f 917//209 894//209 913//209
f 914//209 894//209 898//209
f 894//209 897//209 898//209
f 897//209 920//209 921//209
f 920//209 922//209 923//209
f 920//209 924//209 922//209
f 897//209 925//209 920//209
f 920//209 925//209 924//209
f 925//209 858//209 926//801
f 894//209 858//209 897//209
f 897//209 858//209 925//209
f 877//209 881//209 878//209
f 885//801 887//209 883//209
f 883//209 889//209 881//209
f 881//209 889//209 878//209
f 887//209 889//209 883//209
f 892//209 876//209 889//209
f 889//209 876//209 878//209
f 876//209 860//209 878//209
f 878//209 857//209 894//209
f 894//209 857//209 858//209
f 860//209 857//209 878//209
f 860//209 859//209 857//209
f 857//209 863//209 873//209
f 859//209 863//209 857//209
f 863//209 867//209 873//209
f 873//209 867//209 872//209
f 872//209 867//209 869//209
f 865//802 867//209 863//209
f 898//803 896//803 905//803
f 918//804 905//804 902//804
f 918//803 898//803 905//803
f 914//805 902//805 901//805
f 914//804 918//804 902//804
f 915//806 901//806 900//806
f 915//805 914//805 901//805
f 913//807 900//807 899//807
f 913//806 915//806 900//806
f 916//808 899//808 904//808
f 916//807 913//807 899//807
f 917//809 904//809 903//809
f 917//808 916//808 904//808
f 919//809 917//809 903//809
f 894//810 903//810 893//810
f 894//810 919//810 903//810
f 858//811 856//811 912//811
f 926//812 912//812 910//812
f 926//811 858//811 912//811
f 925//813 910//813 911//813
f 925//812 926//812 910//812
f 924//814 911//814 908//814
f 924//813 925//813 911//813
f 922//815 908//815 909//815
f 922//814 924//814 908//814
f 923//816 909//816 906//816
f 923//815 922//815 909//815
f 920//816 923//816 906//816
f 921//817 907//817 895//817
f 921//818 906//818 907//818
f 921//818 920//818 906//818
f 897//817 921//817 895//817
f 927//819 928//820 929//821
f 927//819 930//822 928//820
f 931//823 929//823 932//823
f 931//824 927//824 929//824
f 933//825 932//825 934//825
f 933//826 931//826 932//826
f 935//827 934//827 936//827
f 935//828 933//828 934//828
f 937//829 936//829 938//829
f 937//830 935//830 936//830
f 939//831 938//831 940//831
f 939//832 937//832 938//832
f 941//833 940//833 942//833
f 941//834 939//834 940//834
f 943//835 942//835 944//835
f 943//836 941//836 942//836
f 945//837 944//837 946//837
f 945//838 943//838 944//838
f 947//839 946//839 948//839
f 947//840 945//840 946//840
f 949//841 948//841 950//841
f 949//842 947//842 948//842
f 951//843 950//843 952//843
f 951//844 949//844 950//844
f 953//845 951//845 952//845
f 954//846 953//846 952//846
f 955//847 953//847 954//847
f 956//848 955//848 954//848
f 957//849 955//849 956//849
f 958//850 957//850 956//850
f 959//851 957//851 958//851
f 960//852 959//853 958//854
f 961//855 959//853 960//852
f 962//856 930//856 927//856
f 963//857 927//857 931//857
f 963//856 962//856 927//856
f 964//858 931//858 933//858
f 964//857 963//857 931//857
f 965//859 933//859 935//859
f 965//858 964//858 933//858
f 966//860 935//860 937//860
f 966//859 965//859 935//859
f 967//861 937//861 939//861
f 967//860 966//860 937//860
f 968//861 967//861 939//861
f 969//862 939//862 941//862
f 969//862 968//862 939//862
f 970//863 941//863 943//863
f 970//863 969//863 941//863
f 971//210 943//210 945//210
f 971//210 970//210 943//210
f 972//864 945//864 947//864
f 972//864 971//864 945//864
f 973//865 947//865 949//865
f 973//865 972//865 947//865
f 974//866 949//866 951//866
f 974//866 973//866 949//866
f 975//867 951//867 953//867
f 975//867 974//867 951//867
f 976//868 953//868 955//868
f 976//868 975//868 953//868
f 977//869 955//869 957//869
f 977//869 976//869 955//869
f 978//870 977//870 957//870
f 978//870 957//870 959//870
f 979//871 978//871 959//871
f 979//871 959//871 961//871
f 980//872 981//872 982//872
f 983//873 982//873 984//873
f 983//872 980//872 982//872
f 985//874 984//874 986//874
f 985//873 983//873 984//873
f 987//875 986//875 988//875
f 987//874 985//874 986//874
f 989//876 988//876 990//876
f 989//875 987//875 988//875
f 991//296 990//296 992//296
f 991//876 989//876 990//876
f 993//877 992//877 994//877
f 993//296 991//296 992//296
f 995//878 994//878 996//878
f 995//877 993//877 994//877
f 997//879 996//879 998//879
f 997//878 995//878 996//878
f 999//880 998//880 1000//880
f 999//879 997//879 998//879
f 1001//881 1000//881 1002//881
f 1001//880 999//880 1000//880
f 1003//882 1002//882 1004//882
f 1003//881 1001//881 1002//881
f 1005//882 1003//882 1004//882
f 1006//883 1005//883 1004//883
f 1006//884 1007//884 1008//884
f 1006//883 1004//883 1007//883
f 1009//884 1006//884 1008//884
f 1010//885 1011//885 1012//885
f 1010//886 1008//886 1011//886
f 1010//886 1009//886 1008//886
f 1013//885 1010//885 1012//885
f 1014//887 1015//887 1016//887
f 1014//487 1012//487 1015//487
f 1014//487 1013//487 1012//487
f 1017//887 1014//887 1016//887
f 1018//888 1016//888 1019//888
f 1018//888 1017//888 1016//888
f 1020//889 1021//889 1022//889
f 1020//890 1019//890 1021//890
f 1020//890 1018//890 1019//890
f 1023//891 1022//891 1024//891
f 1023//889 1020//889 1022//889
f 1025//891 1023//891 1024//891
f 1026//1 1027//1 1028//1
f 1029//1 1028//1 1030//1
f 1029//1 1026//1 1028//1
f 1031//1 1027//1 1026//1
f 1031//1 1032//1 1033//1
f 1031//1 1033//1 1027//1
f 1034//1 1030//1 1035//1
f 1034//1 1029//1 1030//1
f 1036//1 1032//1 1031//1
f 1036//1 1037//1 1032//1
f 1038//1 1035//1 1039//1
f 1038//1 1039//1 1040//1
f 1038//1 1034//1 1035//1
f 1041//1 1042//1 1037//1
f 1041//1 1037//1 1036//1
f 1043//1 1040//1 1044//1
f 1043//1 1038//1 1040//1
f 962//1 981//1 1042//1
f 962//1 982//1 981//1
f 962//1 1042//1 1041//1
f 1045//1 1044//1 1046//1
f 1045//1 1043//1 1044//1
f 963//1 982//1 962//1
f 963//1 984//1 982//1
f 1047//1 1046//1 1048//1
f 1047//1 1048//1 1049//1
f 1047//1 1045//1 1046//1
f 964//1 984//1 963//1
f 964//1 986//1 984//1
f 1050//1 1049//1 1051//1
f 1050//1 1047//1 1049//1
f 965//1 986//1 964//1
f 965//1 988//1 986//1
f 1052//1 1050//1 1051//1
f 1053//1 1052//1 1051//1
f 990//1 988//1 965//1
f 966//1 990//1 965//1
f 1054//1 1052//1 1053//1
f 1055//1 1054//1 1053//1
f 992//1 990//1 966//1
f 967//1 992//1 966//1
f 1056//1 1054//1 1055//1
f 1057//1 1056//1 1055//1
f 994//1 992//1 967//1
f 994//1 967//1 968//1
f 1058//1 1059//1 1056//1
f 1058//1 1056//1 1057//1
f 996//1 968//1 969//1
f 996//1 994//1 968//1
f 1060//1 1059//1 1058//1
f 1060//1 1061//1 1059//1
f 998//1 996//1 969//1
f 1062//1 979//1 1061//1
f 1062//1 1061//1 1060//1
f 1000//1 969//1 970//1
f 1000//1 998//1 969//1
f 1002//1 1000//1 970//1
f 1002//1 970//1 971//1
f 1024//1 979//1 1062//1
f 1004//1 1002//1 971//1
f 1004//1 971//1 972//1
f 1022//1 979//1 1024//1
f 1022//1 978//1 979//1
f 1007//1 1004//1 972//1
f 1021//1 977//1 978//1
f 1021//1 978//1 1022//1
f 1019//1 977//1 1021//1
f 1019//1 976//1 977//1
f 1008//1 1007//1 972//1
f 1008//1 972//1 973//1
f 1011//1 1008//1 973//1
f 1011//1 973//1 974//1
f 1016//1 976//1 1019//1
f 1015//1 976//1 1016//1
f 1015//1 975//1 976//1
f 1012//1 1011//1 974//1
f 1012//1 975//1 1015//1
f 1012//1 974//1 975//1
f 1063//892 1025//892 1024//892
f 1063//892 1024//892 1062//892
f 1064//893 1062//893 1060//893
f 1064//893 1063//893 1062//893
f 1065//894 1060//894 1058//894
f 1065//894 1064//894 1060//894
f 1066//895 1058//895 1057//895
f 1066//895 1065//895 1058//895
f 1067//896 1057//896 1055//896
f 1067//896 1066//896 1057//896
f 1068//288 1055//288 1053//288
f 1068//288 1067//288 1055//288
f 1069//897 1051//897 1049//897
f 1069//898 1053//898 1051//898
f 1069//898 1068//898 1053//898
f 1070//897 1069//897 1049//897
f 1071//899 1049//899 1048//899
f 1071//899 1070//899 1049//899
f 1072//900 1048//900 1046//900
f 1072//900 1071//900 1048//900
f 1073//901 1046//901 1044//901
f 1073//901 1072//901 1046//901
f 1074//902 1044//902 1040//902
f 1074//902 1073//902 1044//902
f 1075//903 1074//903 1040//903
f 1075//903 1040//903 1039//903
f 1076//904 1075//904 1039//904
f 1076//904 1039//904 1035//904
f 1077//905 1076//905 1035//905
f 1077//905 1035//905 1030//905
f 1078//906 1030//906 1028//906
f 1078//906 1077//906 1030//906
f 1079//579 1028//579 1027//579
f 1079//579 1078//579 1028//579
f 1080//907 1027//907 1033//907
f 1080//907 1079//907 1027//907
f 1081//908 1033//908 1032//908
f 1081//908 1080//908 1033//908
f 1082//909 1037//909 1042//909
f 1082//910 1032//910 1037//910
f 1082//910 1081//910 1032//910
f 1083//909 1082//909 1042//909
f 980//911 1042//911 981//911
f 980//911 1083//911 1042//911
f 1080//3 1081//3 1079//3
f 1079//3 1081//3 1078//3
f 1077//4 1075//912 1076//3
f 1083//912 980//3 1082//3
f 1078//3 1072//3 1077//4
f 1075//912 1072//3 1074//3
f 1074//3 1072//3 1073//3
f 1077//4 1072//3 1075//912
f 983//4 985//3 980//3
f 1082//3 985//3 1081//3
f 980//3 985//3 1082//3
f 987//3 989//3 985//3
f 993//913 995//3 991//3
f 991//3 995//3 989//3
f 1081//3 995//3 1078//3
f 1078//3 995//3 1072//3
f 985//3 995//3 1081//3
f 989//3 995//3 985//3
f 1069//3 1064//3 1068//3
f 1068//3 1064//3 1067//3
f 1067//3 1064//3 1066//3
f 1066//3 1064//3 1065//3
f 999//3 1001//3 997//3
f 997//3 1001//3 995//3
f 1072//3 1001//3 1071//3
f 1071//3 1001//3 1070//3
f 1070//3 1001//3 1069//3
f 995//3 1001//3 1072//3
f 1064//3 1025//3 1063//3
f 1003//3 1005//3 1001//3
f 1001//3 1005//3 1069//3
f 1069//3 1023//3 1064//3
f 1064//3 1023//3 1025//3
f 1069//3 1020//3 1023//3
f 1006//3 1009//3 1005//3
f 1009//3 1010//3 1005//3
f 1020//3 1017//3 1018//3
f 1005//3 1013//3 1069//3
f 1010//3 1013//3 1005//3
f 1069//3 1014//3 1020//3
f 1020//3 1014//3 1017//3
f 1013//3 1014//3 1069//3
f 1061//914 979//914 961//914
f 1061//914 961//914 1084//914
f 1059//915 1084//915 1085//915
f 1059//915 1061//915 1084//915
f 1056//916 1085//916 1086//916
f 1056//916 1059//916 1085//916
f 1054//917 1086//917 1087//917
f 1054//917 1056//917 1086//917
f 1052//918 1087//918 1088//918
f 1052//918 1054//918 1087//918
f 1050//919 1088//919 1089//919
f 1050//919 1052//919 1088//919
f 1047//920 1089//920 1090//920
f 1047//920 1050//920 1089//920
f 1045//921 1090//921 1091//921
f 1045//921 1047//921 1090//921
f 1043//209 1091//209 1092//209
f 1043//209 1045//209 1091//209
f 1038//922 1092//922 1093//922
f 1038//922 1043//922 1092//922
f 1034//923 1093//923 1094//923
f 1034//924 1094//924 1095//924
f 1034//923 1038//923 1093//923
f 1029//924 1034//924 1095//924
f 1026//925 1095//925 1096//925
f 1026//925 1029//925 1095//925
f 1031//926 1096//926 1097//926
f 1031//926 1026//926 1096//926
f 1036//927 1097//927 1098//927
f 1036//927 1031//927 1097//927
f 1041//928 1036//928 1098//928
f 1041//928 1098//928 1099//928
f 962//929 1041//929 1099//929
f 962//929 1099//929 930//929
f 1100//1 1101//1 1102//1
f 1103//10 1104//1 1105//930
f 1106//1 1100//1 1104//1
f 1106//1 1104//1 1103//10
f 932//1 928//1 1107//1
f 932//1 929//1 928//1
f 1108//1 1106//1 1109//931
f 1110//1 1111//1 1112//2
f 1110//1 1112//2 1113//2
f 960//1 1111//1 1110//1
f 944//2 942//932 940//1
f 946//1 940//1 938//1
f 946//1 944//2 940//1
f 952//1 1107//1 1114//1
f 952//1 1114//1 1101//1
f 952//1 1108//1 1111//1
f 952//1 960//1 958//1
f 952//1 958//1 956//10
f 952//1 956//10 954//10
f 952//1 950//931 948//1
f 952//1 948//1 946//1
f 952//1 938//1 936//1
f 952//1 936//1 934//1
f 952//1 934//1 932//1
f 952//1 1101//1 1100//1
f 952//1 1100//1 1106//1
f 952//1 932//1 1107//1
f 952//1 1106//1 1108//1
f 952//1 1111//1 960//1
f 952//1 946//1 938//1
f 1084//933 961//934 960//935
f 1084//933 960//935 1110//936
f 1085//937 1110//937 1113//937
f 1085//938 1084//938 1110//938
f 1086//939 1113//939 1112//939
f 1086//940 1085//940 1113//940
f 1087//941 1112//941 1111//941
f 1087//942 1086//942 1112//942
f 1088//943 1111//943 1108//943
f 1088//944 1087//944 1111//944
f 1089//945 1108//945 1109//945
f 1089//946 1088//946 1108//946
f 1090//947 1109//947 1106//947
f 1090//948 1089//948 1109//948
f 1091//949 1106//949 1103//949
f 1091//950 1090//950 1106//950
f 1092//951 1103//951 1105//951
f 1092//952 1091//952 1103//952
f 1093//953 1105//953 1104//953
f 1093//954 1092//954 1105//954
f 1094//955 1104//955 1100//955
f 1094//956 1093//956 1104//956
f 1095//957 1100//957 1102//957
f 1095//958 1094//958 1100//958
f 1096//959 1095//959 1102//959
f 1101//960 1096//960 1102//960
f 1097//961 1096//961 1101//961
f 1114//962 1097//962 1101//962
f 1098//963 1097//963 1114//963
f 1107//964 1098//964 1114//964
f 1099//965 1098//965 1107//965
f 928//966 1099//967 1107//968
f 930//969 1099//967 928//966
f 1115//819 1116//820 1117//821
f 1115//819 1118//822 1116//820
f 1119//970 1117//970 1120//970
f 1119//824 1115//824 1117//824
f 1121//825 1120//825 1122//825
f 1121//971 1119//971 1120//971
f 1123//827 1122//827 1124//827
f 1123//828 1121//828 1122//828
f 1125//829 1124//829 1126//829
f 1125//830 1123//830 1124//830
f 1127//831 1126//831 1128//831
f 1127//832 1125//832 1126//832
f 1129//972 1128//972 1130//972
f 1129//973 1127//973 1128//973
f 1131//835 1130//835 1132//835
f 1131//974 1129//974 1130//974
f 1133//837 1132//837 1134//837
f 1133//838 1131//838 1132//838
f 1135//839 1134//839 1136//839
f 1135//975 1133//975 1134//975
f 1137//841 1136//841 1138//841
f 1137//976 1135//976 1136//976
f 1139//843 1138//843 1140//843
f 1139//844 1137//844 1138//844
f 1141//845 1139//845 1140//845
f 1142//846 1141//846 1140//846
f 1143//977 1141//977 1142//977
f 1144//848 1143//848 1142//848
f 1145//849 1143//849 1144//849
f 1146//850 1145//850 1144//850
f 1147//851 1145//851 1146//851
f 1148//852 1147//853 1146//854
f 1149//855 1147//853 1148//852
f 1150//856 1118//856 1115//856
f 1151//857 1115//857 1119//857
f 1151//856 1150//856 1115//856
f 1152//858 1119//858 1121//858
f 1152//857 1151//857 1119//857
f 1153//859 1121//859 1123//859
f 1153//858 1152//858 1121//858
f 1154//860 1123//860 1125//860
f 1154//859 1153//859 1123//859
f 1155//861 1125//861 1127//861
f 1155//860 1154//860 1125//860
f 1156//862 1127//862 1129//862
f 1156//861 1155//861 1127//861
f 1157//862 1156//862 1129//862
f 1158//863 1129//863 1131//863
f 1158//863 1157//863 1129//863
f 1159//210 1131//210 1133//210
f 1159//210 1158//210 1131//210
f 1160//864 1133//864 1135//864
f 1160//864 1159//864 1133//864
f 1161//865 1135//865 1137//865
f 1161//865 1160//865 1135//865
f 1162//866 1137//866 1139//866
f 1162//866 1161//866 1137//866
f 1163//867 1139//867 1141//867
f 1163//867 1162//867 1139//867
f 1164//868 1141//868 1143//868
f 1164//868 1163//868 1141//868
f 1165//869 1143//869 1145//869
f 1165//869 1164//869 1143//869
f 1166//870 1165//870 1145//870
f 1166//870 1145//870 1147//870
f 1167//871 1166//871 1147//871
f 1167//871 1147//871 1149//871
f 1168//872 1169//872 1170//872
f 1171//873 1170//873 1172//873
f 1171//872 1168//872 1170//872
f 1173//874 1172//874 1174//874
f 1173//873 1171//873 1172//873
f 1175//875 1174//875 1176//875
f 1175//874 1173//874 1174//874
f 1177//876 1176//876 1178//876
f 1177//875 1175//875 1176//875
f 1179//296 1178//296 1180//296
f 1179//876 1177//876 1178//876
f 1181//877 1180//877 1182//877
f 1181//296 1179//296 1180//296
f 1183//878 1182//878 1184//878
f 1183//877 1181//877 1182//877
f 1185//879 1184//879 1186//879
f 1185//878 1183//878 1184//878
f 1187//880 1186//880 1188//880
f 1187//879 1185//879 1186//879
f 1189//881 1188//881 1190//881
f 1189//880 1187//880 1188//880
f 1191//881 1189//881 1190//881
f 1192//882 1190//882 1193//882
f 1192//882 1191//882 1190//882
f 1194//883 1192//883 1193//883
f 1194//883 1193//883 1195//883
f 1196//884 1194//884 1195//884
f 1196//886 1197//886 1198//886
f 1196//884 1195//884 1197//884
f 1199//885 1198//885 1200//885
f 1199//886 1196//886 1198//886
f 1201//885 1199//885 1200//885
f 1202//487 1200//487 1203//487
f 1202//487 1201//487 1200//487
f 1204//887 1203//887 1205//887
f 1204//887 1202//887 1203//887
f 1206//890 1207//890 1208//890
f 1206//888 1205//888 1207//888
f 1206//888 1204//888 1205//888
f 1209//890 1206//890 1208//890
f 1210//891 1211//891 1212//891
f 1210//889 1208//889 1211//889
f 1210//889 1209//889 1208//889
f 1213//891 1210//891 1212//891
f 1214//1 1215//1 1216//1
f 1217//1 1216//1 1218//1
f 1217//1 1214//1 1216//1
f 1219//1 1220//1 1221//1
f 1219//1 1221//1 1215//1
f 1219//1 1215//1 1214//1
f 1222//1 1218//1 1223//1
f 1222//1 1217//1 1218//1
f 1224//1 1225//1 1220//1
f 1224//1 1220//1 1219//1
f 1226//1 1223//1 1227//1
f 1226//1 1227//1 1228//1
f 1226//1 1222//1 1223//1
f 1229//1 1230//1 1225//1
f 1229//1 1225//1 1224//1
f 1231//1 1228//1 1232//1
f 1231//1 1226//1 1228//1
f 1150//1 1169//1 1230//1
f 1150//1 1170//1 1169//1
f 1150//1 1230//1 1229//1
f 1233//1 1232//1 1234//1
f 1233//1 1231//1 1232//1
f 1151//1 1170//1 1150//1
f 1151//1 1172//1 1170//1
f 1235//1 1234//1 1236//1
f 1235//1 1236//1 1237//1
f 1235//1 1233//1 1234//1
f 1152//1 1172//1 1151//1
f 1152//1 1174//1 1172//1
f 1238//1 1237//1 1239//1
f 1238//1 1235//1 1237//1
f 1153//1 1174//1 1152//1
f 1153//1 1176//1 1174//1
f 1240//1 1238//1 1239//1
f 1241//1 1240//1 1239//1
f 1178//1 1176//1 1153//1
f 1154//1 1178//1 1153//1
f 1242//1 1240//1 1241//1
f 1243//1 1242//1 1241//1
f 1180//1 1178//1 1154//1
f 1155//1 1180//1 1154//1
f 1244//1 1242//1 1243//1
f 1245//1 1244//1 1243//1
f 1182//1 1180//1 1155//1
f 1182//1 1155//1 1156//1
f 1246//1 1247//1 1244//1
f 1246//1 1244//1 1245//1
f 1184//1 1156//1 1157//1
f 1184//1 1182//1 1156//1
f 1248//1 1249//1 1247//1
f 1248//1 1247//1 1246//1
f 1186//1 1184//1 1157//1
f 1250//1 1249//1 1248//1
f 1250//1 1167//1 1249//1
f 1188//1 1157//1 1158//1
f 1188//1 1186//1 1157//1
f 1212//1 1167//1 1250//1
f 1190//1 1188//1 1158//1
f 1190//1 1158//1 1159//1
f 1211//1 1166//1 1167//1
f 1211//1 1167//1 1212//1
f 1193//1 1190//1 1159//1
f 1193//1 1159//1 1160//1
f 1208//1 1166//1 1211//1
f 1208//1 1165//1 1166//1
f 1195//1 1193//1 1160//1
f 1207//1 1164//1 1165//1
f 1207//1 1165//1 1208//1
f 1197//1 1195//1 1160//1
f 1197//1 1160//1 1161//1
f 1205//1 1164//1 1207//1
f 1198//1 1197//1 1161//1
f 1198//1 1161//1 1162//1
f 1203//1 1164//1 1205//1
f 1203//1 1163//1 1164//1
f 1200//1 1198//1 1162//1
f 1200//1 1163//1 1203//1
f 1200//1 1162//1 1163//1
f 1251//892 1213//892 1212//892
f 1251//892 1212//892 1250//892
f 1252//893 1250//893 1248//893
f 1252//893 1251//893 1250//893
f 1253//895 1246//895 1245//895
f 1253//894 1248//894 1246//894
f 1253//894 1252//894 1248//894
f 1254//895 1253//895 1245//895
f 1255//896 1245//896 1243//896
f 1255//896 1254//896 1245//896
f 1256//898 1241//898 1239//898
f 1256//288 1243//288 1241//288
f 1256//288 1255//288 1243//288
f 1257//898 1256//898 1239//898
f 1258//897 1239//897 1237//897
f 1258//897 1257//897 1239//897
f 1259//899 1237//899 1236//899
f 1259//899 1258//899 1237//899
f 1260//900 1236//900 1234//900
f 1260//900 1259//900 1236//900
f 1261//901 1234//901 1232//901
f 1261//901 1260//901 1234//901
f 1262//902 1232//902 1228//902
f 1262//902 1261//902 1232//902
f 1263//903 1262//903 1228//903
f 1263//903 1228//903 1227//903
f 1264//904 1263//904 1227//904
f 1264//905 1223//905 1218//905
f 1264//904 1227//904 1223//904
f 1265//905 1264//905 1218//905
f 1266//906 1218//906 1216//906
f 1266//906 1265//906 1218//906
f 1267//907 1215//907 1221//907
f 1267//579 1216//579 1215//579
f 1267//579 1266//579 1216//579
f 1268//907 1267//907 1221//907
f 1269//910 1220//910 1225//910
f 1269//908 1221//908 1220//908
f 1269//908 1268//908 1221//908
f 1270//910 1269//910 1225//910
f 1271//909 1225//909 1230//909
f 1271//909 1270//909 1225//909
f 1168//911 1230//911 1169//911
f 1168//911 1271//911 1230//911
f 1266//3 1262//3 1265//3
f 1265//3 1262//3 1264//912
f 1264//912 1262//3 1263//3
f 1270//912 1271//3 1269//3
f 1171//4 1173//3 1168//3
f 1168//3 1173//3 1271//3
f 1269//3 1173//3 1268//3
f 1268//3 1173//3 1267//3
f 1267//3 1173//3 1266//3
f 1271//3 1173//3 1269//3
f 1261//3 1257//3 1260//3
f 1260//3 1257//3 1259//912
f 1259//912 1257//3 1258//3
f 1177//3 1179//3 1175//3
f 1179//3 1181//3 1175//3
f 1262//3 1254//3 1261//3
f 1257//3 1254//3 1256//912
f 1256//912 1254//3 1255//978
f 1261//3 1254//3 1257//3
f 1175//3 1183//3 1173//3
f 1181//3 1183//3 1175//3
f 1254//3 1252//3 1253//3
f 1185//3 1187//3 1183//3
f 1252//3 1213//3 1251//3
f 1189//3 1191//3 1187//3
f 1252//3 1210//3 1213//3
f 1194//3 1196//3 1192//3
f 1196//3 1199//3 1192//3
f 1187//3 1201//3 1183//3
f 1192//3 1201//3 1191//3
f 1191//3 1201//3 1187//3
f 1199//3 1201//3 1192//3
f 1183//3 1201//3 1173//3
f 1254//3 1202//3 1252//3
f 1210//3 1202//3 1209//4
f 1209//4 1202//3 1206//3
f 1206//3 1202//3 1204//4
f 1252//3 1202//3 1210//3
f 1201//3 1202//3 1173//3
f 1266//3 1202//3 1262//3
f 1173//3 1202//3 1266//3
f 1262//3 1202//3 1254//3
f 1249//914 1167//914 1149//914
f 1249//914 1149//914 1272//914
f 1247//915 1272//915 1273//915
f 1247//915 1249//915 1272//915
f 1244//916 1273//916 1274//916
f 1244//916 1247//916 1273//916
f 1242//917 1274//917 1275//917
f 1242//917 1244//917 1274//917
f 1240//918 1275//918 1276//918
f 1240//918 1242//918 1275//918
f 1238//919 1276//919 1277//919
f 1238//919 1240//919 1276//919
f 1235//920 1277//920 1278//920
f 1235//920 1238//920 1277//920
f 1233//921 1278//921 1279//921
f 1233//921 1235//921 1278//921
f 1231//209 1279//209 1280//209
f 1231//209 1233//209 1279//209
f 1226//922 1280//922 1281//922
f 1226//922 1231//922 1280//922
f 1222//923 1281//923 1282//923
f 1222//923 1226//923 1281//923
f 1217//924 1282//924 1283//924
f 1217//924 1222//924 1282//924
f 1214//925 1283//925 1284//925
f 1214//926 1284//926 1285//926
f 1214//925 1217//925 1283//925
f 1219//926 1214//926 1285//926
f 1224//927 1285//927 1286//927
f 1224//927 1219//927 1285//927
f 1229//928 1224//928 1286//928
f 1229//928 1286//928 1287//928
f 1150//929 1229//929 1287//929
f 1150//929 1287//929 1118//929
f 1120//1 1116//1 1288//1
f 1120//1 1117//1 1116//1
f 1126//1 1288//1 1289//1
f 1126//1 1289//1 1290//1
f 1126//1 1290//1 1291//1
f 1126//1 1124//979 1122//1
f 1126//1 1122//1 1120//1
f 1126//1 1120//1 1288//1
f 1128//1 1291//1 1292//1
f 1128//1 1126//1 1291//1
f 1293//1 1294//1 1295//1
f 1130//1 1292//1 1296//1
f 1130//1 1128//1 1292//1
f 1132//1 1296//1 1297//1
f 1132//1 1297//1 1298//1
f 1132//1 1130//1 1296//1
f 1134//1 1298//1 1299//1
f 1134//1 1132//1 1298//1
f 1138//1 1299//1 1300//1
f 1138//1 1300//1 1301//1
f 1138//1 1136//931 1134//1
f 1138//1 1134//1 1299//1
f 1142//1 1293//1 1302//1
f 1142//1 1302//1 1148//1
f 1142//1 1148//1 1146//1
f 1142//1 1146//1 1144//10
f 1140//1 1301//1 1294//1
f 1140//1 1293//1 1142//1
f 1140//1 1294//1 1293//1
f 1140//1 1138//1 1301//1
f 1272//933 1149//934 1148//980
f 1272//933 1148//980 1302//936
f 1273//937 1302//937 1293//937
f 1273//938 1272//938 1302//938
f 1274//939 1293//939 1295//939
f 1274//940 1273//940 1293//940
f 1275//981 1295//981 1294//981
f 1275//942 1274//942 1295//942
f 1276//982 1294//982 1301//982
f 1276//944 1275//944 1294//944
f 1277//945 1301//945 1300//945
f 1277//983 1276//983 1301//983
f 1278//947 1300//947 1299//947
f 1278//984 1277//984 1300//984
f 1279//949 1299//949 1298//949
f 1279//985 1278//985 1299//985
f 1280//951 1298//951 1297//951
f 1280//952 1279//952 1298//952
f 1281//986 1297//986 1296//986
f 1281//987 1280//987 1297//987
f 1282//988 1296//988 1292//988
f 1282//956 1281//956 1296//956
f 1283//989 1292//989 1291//989
f 1283//990 1282//990 1292//990
f 1284//959 1283//959 1291//959
f 1290//991 1284//991 1291//991
f 1285//992 1284//992 1290//992
f 1289//962 1285//962 1290//962
f 1286//993 1285//993 1289//993
f 1288//994 1286//994 1289//994
f 1287//995 1286//995 1288//995
f 1116//996 1287//997 1288//998
f 1118//969 1287//997 1116//996
